source_predictor,variable_type,overall_missingness,outer1_training_missingness,indicator_generated_outer1,survived_step2_outer1,outer2_training_missingness,indicator_generated_outer2,survived_step2_outer2,outer3_training_missingness,indicator_generated_outer3,survived_step2_outer3,outer4_training_missingness,indicator_generated_outer4,survived_step2_outer4,outer5_training_missingness,indicator_generated_outer5,survived_step2_outer5,indicator_generated_any_fold,indicator_generated_all_folds,transformed_indicator_feature
x_age_years,numeric,0.0,0.0,False,True,0.0,False,True,0.0,False,True,0.0,False,True,0.0,False,True,False,False,
x_bmi,numeric,0.023815629755005042,0.026622225071042456,True,True,0.021495726495726494,True,True,0.02656400384985563,True,True,0.025959874367027756,True,True,0.01843898895369955,True,True,True,True,missingindicator_x_bmi
x_reference_creatinine,numeric,0.0,0.0,False,True,0.0,False,True,0.0,False,True,0.0,False,True,0.0,False,True,False,False,
x_stage1_at_landmark,numeric,0.0,0.0,False,True,0.0,False,True,0.0,False,True,0.0,False,True,0.0,False,True,False,False,
x_lab_creatinine_first,numeric,0.21844386315843464,0.2102429331453112,True,True,0.21822649572649572,True,True,0.2183295904181371,True,True,0.22146016281007627,True,True,0.22396000256393822,True,True,True,True,missingindicator_x_lab_creatinine_first
x_lab_creatinine_last,numeric,0.21844386315843464,0.2102429331453112,True,True,0.21822649572649572,True,True,0.2183295904181371,True,True,0.22146016281007627,True,True,0.22396000256393822,True,True,True,True,missingindicator_x_lab_creatinine_last
x_lab_creatinine_min,numeric,0.21844386315843464,0.2102429331453112,True,True,0.21822649572649572,True,True,0.2183295904181371,True,True,0.22146016281007627,True,True,0.22396000256393822,True,True,True,True,missingindicator_x_lab_creatinine_min
x_lab_creatinine_max,numeric,0.21844386315843464,0.2102429331453112,True,True,0.21822649572649572,True,True,0.2183295904181371,True,True,0.22146016281007627,True,True,0.22396000256393822,True,True,True,True,missingindicator_x_lab_creatinine_max
x_lab_creatinine_mean,numeric,0.21844386315843464,0.2102429331453112,True,True,0.21822649572649572,True,True,0.2183295904181371,True,True,0.22146016281007627,True,True,0.22396000256393822,True,True,True,True,missingindicator_x_lab_creatinine_mean
x_lab_creatinine_n,numeric,0.21844386315843464,0.2102429331453112,True,True,0.21822649572649572,True,True,0.2183295904181371,True,True,0.22146016281007627,True,True,0.22396000256393822,True,True,True,True,missingindicator_x_lab_creatinine_n
x_lab_bun_first,numeric,0.22256415516917133,0.2137897143345512,True,True,0.22288461538461538,True,True,0.2218158485723452,True,True,0.22620344849689122,True,True,0.2281264021537081,True,True,True,True,missingindicator_x_lab_bun_first
x_lab_bun_last,numeric,0.22256415516917133,0.2137897143345512,True,True,0.22288461538461538,True,True,0.2218158485723452,True,True,0.22620344849689122,True,True,0.2281264021537081,True,True,True,True,missingindicator_x_lab_bun_last
x_lab_bun_min,numeric,0.22256415516917133,0.2137897143345512,True,True,0.22288461538461538,True,True,0.2218158485723452,True,True,0.22620344849689122,True,True,0.2281264021537081,True,True,True,True,missingindicator_x_lab_bun_min
x_lab_bun_max,numeric,0.22256415516917133,0.2137897143345512,True,True,0.22288461538461538,True,True,0.2218158485723452,True,True,0.22620344849689122,True,True,0.2281264021537081,True,True,True,True,missingindicator_x_lab_bun_max
x_lab_bun_mean,numeric,0.22256415516917133,0.2137897143345512,True,True,0.22288461538461538,True,True,0.2218158485723452,True,True,0.22620344849689122,True,True,0.2281264021537081,True,True,True,True,missingindicator_x_lab_bun_mean
x_lab_bun_n,numeric,0.22256415516917133,0.2137897143345512,True,True,0.22288461538461538,True,True,0.2218158485723452,True,True,0.22620344849689122,True,True,0.2281264021537081,True,True,True,True,missingindicator_x_lab_bun_n
x_lab_bicarbonate_first,numeric,0.2676822075191055,0.262333611093306,True,True,0.2742521367521368,True,True,0.26138380921826543,True,True,0.2567784116402795,True,True,0.28365703053223085,True,True,True,True,missingindicator_x_lab_bicarbonate_first
x_lab_bicarbonate_last,numeric,0.2676822075191055,0.262333611093306,True,True,0.2742521367521368,True,True,0.26138380921826543,True,True,0.2567784116402795,True,True,0.28365703053223085,True,True,True,True,missingindicator_x_lab_bicarbonate_last
x_lab_bicarbonate_min,numeric,0.2676822075191055,0.262333611093306,True,True,0.2742521367521368,True,True,0.26138380921826543,True,True,0.2567784116402795,True,True,0.28365703053223085,True,True,True,True,missingindicator_x_lab_bicarbonate_min
x_lab_bicarbonate_max,numeric,0.2676822075191055,0.262333611093306,True,True,0.2742521367521368,True,True,0.26138380921826543,True,True,0.2567784116402795,True,True,0.28365703053223085,True,True,True,True,missingindicator_x_lab_bicarbonate_max
x_lab_bicarbonate_mean,numeric,0.2676822075191055,0.262333611093306,True,True,0.2742521367521368,True,True,0.26138380921826543,True,True,0.2567784116402795,True,True,0.28365703053223085,True,True,True,True,missingindicator_x_lab_bicarbonate_mean
x_lab_bicarbonate_n,numeric,0.2676822075191055,0.262333611093306,True,True,0.2742521367521368,True,True,0.26138380921826543,True,True,0.2567784116402795,True,True,0.28365703053223085,True,True,True,True,missingindicator_x_lab_bicarbonate_n
x_lab_potassium_first,numeric,0.1928330854319468,0.18580005555199453,True,True,0.19506410256410256,True,True,0.19091006309485617,True,True,0.19383372860714057,True,True,0.1985556481422131,True,True,True,True,missingindicator_x_lab_potassium_first
x_lab_potassium_last,numeric,0.1928330854319468,0.18580005555199453,True,True,0.19506410256410256,True,True,0.19091006309485617,True,True,0.19383372860714057,True,True,0.1985556481422131,True,True,True,True,missingindicator_x_lab_potassium_last
x_lab_potassium_min,numeric,0.1928330854319468,0.18580005555199453,True,True,0.19506410256410256,True,True,0.19091006309485617,True,True,0.19383372860714057,True,True,0.1985556481422131,True,True,True,True,missingindicator_x_lab_potassium_min
x_lab_potassium_max,numeric,0.1928330854319468,0.18580005555199453,True,True,0.19506410256410256,True,True,0.19091006309485617,True,True,0.19383372860714057,True,True,0.1985556481422131,True,True,True,True,missingindicator_x_lab_potassium_max
x_lab_potassium_mean,numeric,0.1928330854319468,0.18580005555199453,True,True,0.19506410256410256,True,True,0.19091006309485617,True,True,0.19383372860714057,True,True,0.1985556481422131,True,True,True,True,missingindicator_x_lab_potassium_mean
x_lab_potassium_n,numeric,0.1928330854319468,0.18580005555199453,True,True,0.19506410256410256,True,True,0.19091006309485617,True,True,0.19383372860714057,True,True,0.1985556481422131,True,True,True,True,missingindicator_x_lab_potassium_n
x_lab_potassium_delta,numeric,0.639260740968696,0.633570497617674,True,False,0.6404273504273504,True,False,0.6372580472676719,True,False,0.6394889216503216,True,False,0.6455569087451659,True,False,True,True,missingindicator_x_lab_potassium_delta
x_lab_sodium_first,numeric,0.2119300405190542,0.20214516163493793,True,True,0.21252136752136752,True,True,0.21276868784087263,True,True,0.21470845885947482,True,True,0.2175074247377305,True,True,True,True,missingindicator_x_lab_sodium_first
x_lab_sodium_last,numeric,0.2119300405190542,0.20214516163493793,True,True,0.21252136752136752,True,True,0.21276868784087263,True,True,0.21470845885947482,True,True,0.2175074247377305,True,True,True,True,missingindicator_x_lab_sodium_last
x_lab_sodium_min,numeric,0.2119300405190542,0.20214516163493793,True,True,0.21252136752136752,True,True,0.21276868784087263,True,True,0.21470845885947482,True,True,0.2175074247377305,True,True,True,True,missingindicator_x_lab_sodium_min
x_lab_sodium_max,numeric,0.2119300405190542,0.20214516163493793,True,True,0.21252136752136752,True,True,0.21276868784087263,True,True,0.21470845885947482,True,True,0.2175074247377305,True,True,True,True,missingindicator_x_lab_sodium_max
x_lab_sodium_mean,numeric,0.2119300405190542,0.20214516163493793,True,True,0.21252136752136752,True,True,0.21276868784087263,True,True,0.21470845885947482,True,True,0.2175074247377305,True,True,True,True,missingindicator_x_lab_sodium_mean
x_lab_sodium_n,numeric,0.2119300405190542,0.20214516163493793,True,True,0.21252136752136752,True,True,0.21276868784087263,True,True,0.21470845885947482,True,True,0.2175074247377305,True,True,True,True,missingindicator_x_lab_sodium_n
x_lab_sodium_delta,numeric,0.6772152980800465,0.6690596756618166,True,False,0.6756623931623932,True,False,0.6811891776280612,True,False,0.6790376685255218,True,False,0.681131551396278,True,False,True,True,missingindicator_x_lab_sodium_delta
x_lab_chloride_first,numeric,0.22135029320750202,0.21233681601606735,True,True,0.22158119658119657,True,True,0.22066089188322105,True,True,0.22534880242719485,True,True,0.2268230668974211,True,True,True,True,missingindicator_x_lab_chloride_first
x_lab_chloride_last,numeric,0.22135029320750202,0.21233681601606735,True,True,0.22158119658119657,True,True,0.22066089188322105,True,True,0.22534880242719485,True,True,0.2268230668974211,True,True,True,True,missingindicator_x_lab_chloride_last
x_lab_chloride_min,numeric,0.22135029320750202,0.21233681601606735,True,True,0.22158119658119657,True,True,0.22066089188322105,True,True,0.22534880242719485,True,True,0.2268230668974211,True,True,True,True,missingindicator_x_lab_chloride_min
x_lab_chloride_max,numeric,0.22135029320750202,0.21233681601606735,True,True,0.22158119658119657,True,True,0.22066089188322105,True,True,0.22534880242719485,True,True,0.2268230668974211,True,True,True,True,missingindicator_x_lab_chloride_max
x_lab_chloride_mean,numeric,0.22135029320750202,0.21233681601606735,True,True,0.22158119658119657,True,True,0.22066089188322105,True,True,0.22534880242719485,True,True,0.2268230668974211,True,True,True,True,missingindicator_x_lab_chloride_mean
x_lab_chloride_n,numeric,0.22135029320750202,0.21233681601606735,True,True,0.22158119658119657,True,True,0.22066089188322105,True,True,0.22534880242719485,True,True,0.2268230668974211,True,True,True,True,missingindicator_x_lab_chloride_n
x_lab_glucose_serum_first,numeric,0.22266673505325604,0.21477255731470205,True,True,0.2235897435897436,True,True,0.22083199657790611,True,True,0.22729312223575412,True,True,0.22684443304916352,True,True,True,True,missingindicator_x_lab_glucose_serum_first
x_lab_glucose_serum_last,numeric,0.22266673505325604,0.21477255731470205,True,True,0.2235897435897436,True,True,0.22083199657790611,True,True,0.22729312223575412,True,True,0.22684443304916352,True,True,True,True,missingindicator_x_lab_glucose_serum_last
x_lab_glucose_serum_min,numeric,0.22266673505325604,0.21477255731470205,True,True,0.2235897435897436,True,True,0.22083199657790611,True,True,0.22729312223575412,True,True,0.22684443304916352,True,True,True,True,missingindicator_x_lab_glucose_serum_min
x_lab_glucose_serum_max,numeric,0.22266673505325604,0.21477255731470205,True,True,0.2235897435897436,True,True,0.22083199657790611,True,True,0.22729312223575412,True,True,0.22684443304916352,True,True,True,True,missingindicator_x_lab_glucose_serum_max
x_lab_glucose_serum_mean,numeric,0.22266673505325604,0.21477255731470205,True,True,0.2235897435897436,True,True,0.22083199657790611,True,True,0.22729312223575412,True,True,0.22684443304916352,True,True,True,True,missingindicator_x_lab_glucose_serum_mean
x_lab_glucose_serum_n,numeric,0.22266673505325604,0.21477255731470205,True,True,0.2235897435897436,True,True,0.22083199657790611,True,True,0.22729312223575412,True,True,0.22684443304916352,True,True,True,True,missingindicator_x_lab_glucose_serum_n
x_lab_calcium_first,numeric,0.24436238053717665,0.23844625344529197,True,True,0.2494871794871795,True,True,0.24527857983103413,True,True,0.2343439523107493,True,True,0.25425720573467514,True,True,True,True,missingindicator_x_lab_calcium_first
x_lab_calcium_last,numeric,0.24436238053717665,0.23844625344529197,True,True,0.2494871794871795,True,True,0.24527857983103413,True,True,0.2343439523107493,True,True,0.25425720573467514,True,True,True,True,missingindicator_x_lab_calcium_last
x_lab_calcium_min,numeric,0.24436238053717665,0.23844625344529197,True,True,0.2494871794871795,True,True,0.24527857983103413,True,True,0.2343439523107493,True,True,0.25425720573467514,True,True,True,True,missingindicator_x_lab_calcium_min
x_lab_calcium_max,numeric,0.24436238053717665,0.23844625344529197,True,True,0.2494871794871795,True,True,0.24527857983103413,True,True,0.2343439523107493,True,True,0.25425720573467514,True,True,True,True,missingindicator_x_lab_calcium_max
x_lab_calcium_mean,numeric,0.24436238053717665,0.23844625344529197,True,True,0.2494871794871795,True,True,0.24527857983103413,True,True,0.2343439523107493,True,True,0.25425720573467514,True,True,True,True,missingindicator_x_lab_calcium_mean
x_lab_calcium_n,numeric,0.24436238053717665,0.23844625344529197,True,True,0.2494871794871795,True,True,0.24527857983103413,True,True,0.2343439523107493,True,True,0.25425720573467514,True,True,True,True,missingindicator_x_lab_calcium_n
x_lab_magnesium_first,numeric,0.49852114000444514,0.4908446039783775,True,True,0.4967948717948718,True,True,0.4932520586033579,True,True,0.5093476913873042,True,False,0.5023609597675363,True,False,True,True,missingindicator_x_lab_magnesium_first
x_lab_magnesium_last,numeric,0.49852114000444514,0.4908446039783775,True,True,0.4967948717948718,True,True,0.4932520586033579,True,True,0.5093476913873042,True,False,0.5023609597675363,True,False,True,True,missingindicator_x_lab_magnesium_last
x_lab_magnesium_min,numeric,0.49852114000444514,0.4908446039783775,True,True,0.4967948717948718,True,True,0.4932520586033579,True,True,0.5093476913873042,True,False,0.5023609597675363,True,False,True,True,missingindicator_x_lab_magnesium_min
x_lab_magnesium_max,numeric,0.49852114000444514,0.4908446039783775,True,True,0.4967948717948718,True,True,0.4932520586033579,True,True,0.5093476913873042,True,False,0.5023609597675363,True,False,True,True,missingindicator_x_lab_magnesium_max
x_lab_magnesium_mean,numeric,0.49852114000444514,0.4908446039783775,True,True,0.4967948717948718,True,True,0.4932520586033579,True,True,0.5093476913873042,True,False,0.5023609597675363,True,False,True,True,missingindicator_x_lab_magnesium_mean
x_lab_magnesium_n,numeric,0.49852114000444514,0.4908446039783775,True,True,0.4967948717948718,True,True,0.4932520586033579,True,True,0.5093476913873042,True,False,0.5023609597675363,True,False,True,True,missingindicator_x_lab_magnesium_n
x_lab_phosphate_first,numeric,0.6746166076832333,0.659017584342884,True,False,0.6782692307692307,True,False,0.6637151106833494,True,False,0.6951691130910411,True,False,0.6769010533512809,True,False,True,True,missingindicator_x_lab_phosphate_first
x_lab_phosphate_last,numeric,0.6746166076832333,0.659017584342884,True,False,0.6782692307692307,True,False,0.6637151106833494,True,False,0.6951691130910411,True,False,0.6769010533512809,True,False,True,True,missingindicator_x_lab_phosphate_last
x_lab_phosphate_min,numeric,0.6746166076832333,0.659017584342884,True,False,0.6782692307692307,True,False,0.6637151106833494,True,False,0.6951691130910411,True,False,0.6769010533512809,True,False,True,True,missingindicator_x_lab_phosphate_min
x_lab_phosphate_max,numeric,0.6746166076832333,0.659017584342884,True,False,0.6782692307692307,True,False,0.6637151106833494,True,False,0.6951691130910411,True,False,0.6769010533512809,True,False,True,True,missingindicator_x_lab_phosphate_max
x_lab_phosphate_mean,numeric,0.6746166076832333,0.659017584342884,True,False,0.6782692307692307,True,False,0.6637151106833494,True,False,0.6951691130910411,True,False,0.6769010533512809,True,False,True,True,missingindicator_x_lab_phosphate_mean
x_lab_phosphate_n,numeric,0.6746166076832333,0.659017584342884,True,False,0.6782692307692307,True,False,0.6637151106833494,True,False,0.6951691130910411,True,False,0.6769010533512809,True,False,True,True,missingindicator_x_lab_phosphate_n
x_lab_hgb_first,numeric,0.27289668496007935,0.26622225071042455,True,True,0.27337606837606837,True,True,0.2702598652550529,True,True,0.27658483430549324,True,True,0.2780377326239771,True,True,True,True,missingindicator_x_lab_hgb_first
x_lab_hgb_last,numeric,0.27289668496007935,0.26622225071042455,True,True,0.27337606837606837,True,True,0.2702598652550529,True,True,0.27658483430549324,True,True,0.2780377326239771,True,True,True,True,missingindicator_x_lab_hgb_last
x_lab_hgb_min,numeric,0.27289668496007935,0.26622225071042455,True,True,0.27337606837606837,True,True,0.2702598652550529,True,True,0.27658483430549324,True,True,0.2780377326239771,True,True,True,True,missingindicator_x_lab_hgb_min
x_lab_hgb_max,numeric,0.27289668496007935,0.26622225071042455,True,True,0.27337606837606837,True,True,0.2702598652550529,True,True,0.27658483430549324,True,True,0.2780377326239771,True,True,True,True,missingindicator_x_lab_hgb_max
x_lab_hgb_mean,numeric,0.27289668496007935,0.26622225071042455,True,True,0.27337606837606837,True,True,0.2702598652550529,True,True,0.27658483430549324,True,True,0.2780377326239771,True,True,True,True,missingindicator_x_lab_hgb_mean
x_lab_hgb_n,numeric,0.27289668496007935,0.26622225071042455,True,True,0.27337606837606837,True,True,0.2702598652550529,True,True,0.27658483430549324,True,True,0.2780377326239771,True,True,True,True,missingindicator_x_lab_hgb_n
x_lab_hct_first,numeric,0.2735292609119352,0.268123838215499,True,True,0.27363247863247864,True,True,0.27250561437279436,True,True,0.27513193598700936,True,True,0.2782513941414012,True,True,True,True,missingindicator_x_lab_hct_first
x_lab_hct_last,numeric,0.2735292609119352,0.268123838215499,True,True,0.27363247863247864,True,True,0.27250561437279436,True,True,0.27513193598700936,True,True,0.2782513941414012,True,True,True,True,missingindicator_x_lab_hct_last
x_lab_hct_min,numeric,0.2735292609119352,0.268123838215499,True,True,0.27363247863247864,True,True,0.27250561437279436,True,True,0.27513193598700936,True,True,0.2782513941414012,True,True,True,True,missingindicator_x_lab_hct_min
x_lab_hct_max,numeric,0.2735292609119352,0.268123838215499,True,True,0.27363247863247864,True,True,0.27250561437279436,True,True,0.27513193598700936,True,True,0.2782513941414012,True,True,True,True,missingindicator_x_lab_hct_max
x_lab_hct_mean,numeric,0.2735292609119352,0.268123838215499,True,True,0.27363247863247864,True,True,0.27250561437279436,True,True,0.27513193598700936,True,True,0.2782513941414012,True,True,True,True,missingindicator_x_lab_hct_mean
x_lab_hct_n,numeric,0.2735292609119352,0.268123838215499,True,True,0.27363247863247864,True,True,0.27250561437279436,True,True,0.27513193598700936,True,True,0.2782513941414012,True,True,True,True,missingindicator_x_lab_hct_n
x_lab_platelets_first,numeric,0.3082696483219641,0.30111317650577957,True,True,0.3096794871794872,True,True,0.3045235803657363,True,True,0.3106638463346367,True,True,0.3153643997179668,True,True,True,True,missingindicator_x_lab_platelets_first
x_lab_platelets_last,numeric,0.3082696483219641,0.30111317650577957,True,True,0.3096794871794872,True,True,0.3045235803657363,True,True,0.3106638463346367,True,True,0.3153643997179668,True,True,True,True,missingindicator_x_lab_platelets_last
x_lab_platelets_min,numeric,0.3082696483219641,0.30111317650577957,True,True,0.3096794871794872,True,True,0.3045235803657363,True,True,0.3106638463346367,True,True,0.3153643997179668,True,True,True,True,missingindicator_x_lab_platelets_min
x_lab_platelets_max,numeric,0.3082696483219641,0.30111317650577957,True,True,0.3096794871794872,True,True,0.3045235803657363,True,True,0.3106638463346367,True,True,0.3153643997179668,True,True,True,True,missingindicator_x_lab_platelets_max
x_lab_platelets_mean,numeric,0.3082696483219641,0.30111317650577957,True,True,0.3096794871794872,True,True,0.3045235803657363,True,True,0.3106638463346367,True,True,0.3153643997179668,True,True,True,True,missingindicator_x_lab_platelets_mean
x_lab_platelets_n,numeric,0.3082696483219641,0.30111317650577957,True,True,0.3096794871794872,True,True,0.3045235803657363,True,True,0.3106638463346367,True,True,0.3153643997179668,True,True,True,True,missingindicator_x_lab_platelets_n
x_lab_wbc_first,numeric,0.30965447675710794,0.30134820417494607,True,True,0.30927350427350425,True,True,0.3085445406908352,True,True,0.3122876738670598,True,True,0.31681729803645065,True,True,True,True,missingindicator_x_lab_wbc_first
x_lab_wbc_last,numeric,0.30965447675710794,0.30134820417494607,True,True,0.30927350427350425,True,True,0.3085445406908352,True,True,0.3122876738670598,True,True,0.31681729803645065,True,True,True,True,missingindicator_x_lab_wbc_last
x_lab_wbc_min,numeric,0.30965447675710794,0.30134820417494607,True,True,0.30927350427350425,True,True,0.3085445406908352,True,True,0.3122876738670598,True,True,0.31681729803645065,True,True,True,True,missingindicator_x_lab_wbc_min
x_lab_wbc_max,numeric,0.30965447675710794,0.30134820417494607,True,True,0.30927350427350425,True,True,0.3085445406908352,True,True,0.3122876738670598,True,True,0.31681729803645065,True,True,True,True,missingindicator_x_lab_wbc_max
x_lab_wbc_mean,numeric,0.30965447675710794,0.30134820417494607,True,True,0.30927350427350425,True,True,0.3085445406908352,True,True,0.3122876738670598,True,True,0.31681729803645065,True,True,True,True,missingindicator_x_lab_wbc_mean
x_lab_wbc_n,numeric,0.30965447675710794,0.30134820417494607,True,True,0.30927350427350425,True,True,0.3085445406908352,True,True,0.3122876738670598,True,True,0.31681729803645065,True,True,True,True,missingindicator_x_lab_wbc_n
x_lab_albumin_first,numeric,0.6220615137371561,0.610772813708523,True,False,0.6174145299145299,True,False,0.6287455887070902,True,False,0.6315407132021451,True,False,0.6218404803110912,True,False,True,True,missingindicator_x_lab_albumin_first
x_lab_albumin_last,numeric,0.6220615137371561,0.610772813708523,True,False,0.6174145299145299,True,False,0.6287455887070902,True,False,0.6315407132021451,True,False,0.6218404803110912,True,False,True,True,missingindicator_x_lab_albumin_last
x_lab_albumin_min,numeric,0.6220615137371561,0.610772813708523,True,False,0.6174145299145299,True,False,0.6287455887070902,True,False,0.6315407132021451,True,False,0.6218404803110912,True,False,True,True,missingindicator_x_lab_albumin_min
x_lab_albumin_max,numeric,0.6220615137371561,0.610772813708523,True,False,0.6174145299145299,True,False,0.6287455887070902,True,False,0.6315407132021451,True,False,0.6218404803110912,True,False,True,True,missingindicator_x_lab_albumin_max
x_lab_albumin_mean,numeric,0.6220615137371561,0.610772813708523,True,False,0.6174145299145299,True,False,0.6287455887070902,True,False,0.6315407132021451,True,False,0.6218404803110912,True,False,True,True,missingindicator_x_lab_albumin_mean
x_lab_albumin_n,numeric,0.6220615137371561,0.610772813708523,True,False,0.6174145299145299,True,False,0.6287455887070902,True,False,0.6315407132021451,True,False,0.6218404803110912,True,False,True,True,missingindicator_x_lab_albumin_n
x_lab_bilirubin_total_first,numeric,0.6516729069429484,0.6444245027028181,True,False,0.6506837606837607,True,False,0.6600363597476205,True,False,0.6502147298250112,True,False,0.6530136957032668,True,False,True,True,missingindicator_x_lab_bilirubin_total_first
x_lab_bilirubin_total_last,numeric,0.6516729069429484,0.6444245027028181,True,False,0.6506837606837607,True,False,0.6600363597476205,True,False,0.6502147298250112,True,False,0.6530136957032668,True,False,True,True,missingindicator_x_lab_bilirubin_total_last
x_lab_bilirubin_total_min,numeric,0.6516729069429484,0.6444245027028181,True,False,0.6506837606837607,True,False,0.6600363597476205,True,False,0.6502147298250112,True,False,0.6530136957032668,True,False,True,True,missingindicator_x_lab_bilirubin_total_min
x_lab_bilirubin_total_max,numeric,0.6516729069429484,0.6444245027028181,True,False,0.6506837606837607,True,False,0.6600363597476205,True,False,0.6502147298250112,True,False,0.6530136957032668,True,False,True,True,missingindicator_x_lab_bilirubin_total_max
x_lab_bilirubin_total_mean,numeric,0.6516729069429484,0.6444245027028181,True,False,0.6506837606837607,True,False,0.6600363597476205,True,False,0.6502147298250112,True,False,0.6530136957032668,True,False,True,True,missingindicator_x_lab_bilirubin_total_mean
x_lab_bilirubin_total_n,numeric,0.6516729069429484,0.6444245027028181,True,False,0.6506837606837607,True,False,0.6600363597476205,True,False,0.6502147298250112,True,False,0.6530136957032668,True,False,True,True,missingindicator_x_lab_bilirubin_total_n
x_lab_inr_first,numeric,0.6473132618693475,0.6440185458197124,True,False,0.6430128205128205,True,False,0.6495989733718319,True,False,0.6510266435912228,True,False,0.6489113945687243,True,False,True,True,missingindicator_x_lab_inr_first
x_lab_inr_last,numeric,0.6473132618693475,0.6440185458197124,True,False,0.6430128205128205,True,False,0.6495989733718319,True,False,0.6510266435912228,True,False,0.6489113945687243,True,False,True,True,missingindicator_x_lab_inr_last
x_lab_inr_min,numeric,0.6473132618693475,0.6440185458197124,True,False,0.6430128205128205,True,False,0.6495989733718319,True,False,0.6510266435912228,True,False,0.6489113945687243,True,False,True,True,missingindicator_x_lab_inr_min
x_lab_inr_max,numeric,0.6473132618693475,0.6440185458197124,True,False,0.6430128205128205,True,False,0.6495989733718319,True,False,0.6510266435912228,True,False,0.6489113945687243,True,False,True,True,missingindicator_x_lab_inr_max
x_lab_inr_mean,numeric,0.6473132618693475,0.6440185458197124,True,False,0.6430128205128205,True,False,0.6495989733718319,True,False,0.6510266435912228,True,False,0.6489113945687243,True,False,True,True,missingindicator_x_lab_inr_mean
x_lab_inr_n,numeric,0.6473132618693475,0.6440185458197124,True,False,0.6430128205128205,True,False,0.6495989733718319,True,False,0.6510266435912228,True,False,0.6489113945687243,True,False,True,True,missingindicator_x_lab_inr_n
x_lab_anion_gap_first,numeric,0.3679198509172351,0.3424994124308271,True,True,0.39455128205128204,True,True,0.36051759170142234,True,True,0.37179240646967077,True,True,0.37023267739247484,True,True,True,True,missingindicator_x_lab_anion_gap_first
x_lab_anion_gap_last,numeric,0.3679198509172351,0.3424994124308271,True,True,0.39455128205128204,True,True,0.36051759170142234,True,True,0.37179240646967077,True,True,0.37023267739247484,True,True,True,True,missingindicator_x_lab_anion_gap_last
x_lab_anion_gap_min,numeric,0.3679198509172351,0.3424994124308271,True,True,0.39455128205128204,True,True,0.36051759170142234,True,True,0.37179240646967077,True,True,0.37023267739247484,True,True,True,True,missingindicator_x_lab_anion_gap_min
x_lab_anion_gap_max,numeric,0.3679198509172351,0.3424994124308271,True,True,0.39455128205128204,True,True,0.36051759170142234,True,True,0.37179240646967077,True,True,0.37023267739247484,True,True,True,True,missingindicator_x_lab_anion_gap_max
x_lab_anion_gap_mean,numeric,0.3679198509172351,0.3424994124308271,True,True,0.39455128205128204,True,True,0.36051759170142234,True,True,0.37179240646967077,True,True,0.37023267739247484,True,True,True,True,missingindicator_x_lab_anion_gap_mean
x_lab_anion_gap_n,numeric,0.3679198509172351,0.3424994124308271,True,True,0.39455128205128204,True,True,0.36051759170142234,True,True,0.37179240646967077,True,True,0.37023267739247484,True,True,True,True,missingindicator_x_lab_anion_gap_n
x_vital_heart_rate_first,numeric,0.015352789318014738,0.016302373779458583,True,True,0.008034188034188034,True,True,0.01715324564217731,True,True,0.01771253979445762,True,True,0.017562976732260753,True,True,True,True,missingindicator_x_vital_heart_rate_first
x_vital_heart_rate_last,numeric,0.015352789318014738,0.016302373779458583,True,True,0.008034188034188034,True,True,0.01715324564217731,True,True,0.01771253979445762,True,True,0.017562976732260753,True,True,True,True,missingindicator_x_vital_heart_rate_last
x_vital_heart_rate_min,numeric,0.015352789318014738,0.016302373779458583,True,True,0.008034188034188034,True,True,0.01715324564217731,True,True,0.01771253979445762,True,True,0.017562976732260753,True,True,True,True,missingindicator_x_vital_heart_rate_min
x_vital_heart_rate_max,numeric,0.015352789318014738,0.016302373779458583,True,True,0.008034188034188034,True,True,0.01715324564217731,True,True,0.01771253979445762,True,True,0.017562976732260753,True,True,True,True,missingindicator_x_vital_heart_rate_max
x_vital_heart_rate_mean,numeric,0.015352789318014738,0.016302373779458583,True,True,0.008034188034188034,True,True,0.01715324564217731,True,True,0.01771253979445762,True,True,0.017562976732260753,True,True,True,True,missingindicator_x_vital_heart_rate_mean
x_vital_heart_rate_sd,numeric,0.015472465849446924,0.01640920453817063,True,True,0.008162393162393162,True,True,0.017302962250026734,True,True,0.01784073670491208,True,True,0.01764844133923039,True,True,True,True,missingindicator_x_vital_heart_rate_sd
x_vital_heart_rate_n,numeric,0.015352789318014738,0.016302373779458583,True,True,0.008034188034188034,True,True,0.01715324564217731,True,True,0.01771253979445762,True,True,0.017562976732260753,True,True,True,True,missingindicator_x_vital_heart_rate_n
x_vital_sao2_first,numeric,0.024858525243199807,0.02482746832468004,True,True,0.017136752136752136,True,True,0.02731258688910277,True,True,0.027177745016345106,True,True,0.027840095720359805,True,True,True,True,missingindicator_x_vital_sao2_first
x_vital_sao2_last,numeric,0.024858525243199807,0.02482746832468004,True,True,0.017136752136752136,True,True,0.02731258688910277,True,True,0.027177745016345106,True,True,0.027840095720359805,True,True,True,True,missingindicator_x_vital_sao2_last
x_vital_sao2_min,numeric,0.024858525243199807,0.02482746832468004,True,True,0.017136752136752136,True,True,0.02731258688910277,True,True,0.027177745016345106,True,True,0.027840095720359805,True,True,True,True,missingindicator_x_vital_sao2_min
x_vital_sao2_max,numeric,0.024858525243199807,0.02482746832468004,True,True,0.017136752136752136,True,True,0.02731258688910277,True,True,0.027177745016345106,True,True,0.027840095720359805,True,True,True,True,missingindicator_x_vital_sao2_max
x_vital_sao2_mean,numeric,0.024858525243199807,0.02482746832468004,True,True,0.017136752136752136,True,True,0.02731258688910277,True,True,0.027177745016345106,True,True,0.027840095720359805,True,True,True,True,missingindicator_x_vital_sao2_mean
x_vital_sao2_sd,numeric,0.02576464755261493,0.02559664978740679,True,True,0.01797008547008547,True,True,0.02829643888354187,True,True,0.028096489541268723,True,True,0.02886567100399547,True,True,True,True,missingindicator_x_vital_sao2_sd
x_vital_sao2_n,numeric,0.024858525243199807,0.02482746832468004,True,True,0.017136752136752136,True,True,0.02731258688910277,True,True,0.027177745016345106,True,True,0.027840095720359805,True,True,True,True,missingindicator_x_vital_sao2_n
x_vital_respiratory_rate_first,numeric,0.08864611649655503,0.08802854517872787,True,True,0.08762820512820513,True,True,0.0848251523901187,True,True,0.09563489519902571,True,True,0.08710980065380425,True,True,True,True,missingindicator_x_vital_respiratory_rate_first
x_vital_respiratory_rate_last,numeric,0.08864611649655503,0.08802854517872787,True,True,0.08762820512820513,True,True,0.0848251523901187,True,True,0.09563489519902571,True,True,0.08710980065380425,True,True,True,True,missingindicator_x_vital_respiratory_rate_last
x_vital_respiratory_rate_min,numeric,0.08864611649655503,0.08802854517872787,True,True,0.08762820512820513,True,True,0.0848251523901187,True,True,0.09563489519902571,True,True,0.08710980065380425,True,True,True,True,missingindicator_x_vital_respiratory_rate_min
x_vital_respiratory_rate_max,numeric,0.08864611649655503,0.08802854517872787,True,True,0.08762820512820513,True,True,0.0848251523901187,True,True,0.09563489519902571,True,True,0.08710980065380425,True,True,True,True,missingindicator_x_vital_respiratory_rate_max
x_vital_respiratory_rate_mean,numeric,0.08864611649655503,0.08802854517872787,True,True,0.08762820512820513,True,True,0.0848251523901187,True,True,0.09563489519902571,True,True,0.08710980065380425,True,True,True,True,missingindicator_x_vital_respiratory_rate_mean
x_vital_respiratory_rate_sd,numeric,0.08963772204270742,0.08884045894493943,True,True,0.08852564102564102,True,True,0.08591594481873596,True,True,0.09676730124137342,True,True,0.0881353759374399,True,True,True,True,missingindicator_x_vital_respiratory_rate_sd
x_vital_respiratory_rate_n,numeric,0.08864611649655503,0.08802854517872787,True,True,0.08762820512820513,True,True,0.0848251523901187,True,True,0.09563489519902571,True,True,0.08710980065380425,True,True,True,True,missingindicator_x_vital_respiratory_rate_n
x_vital_noninvasive_systolic_bp_first,numeric,0.05773537809235609,0.05980385872700468,True,True,0.043098290598290595,True,True,0.06035718105015506,True,True,0.06783753178215071,True,True,0.057581778945794075,True,True,True,True,missingindicator_x_vital_noninvasive_systolic_bp_first
x_vital_noninvasive_systolic_bp_last,numeric,0.05773537809235609,0.05980385872700468,True,True,0.043098290598290595,True,True,0.06035718105015506,True,True,0.06783753178215071,True,True,0.057581778945794075,True,True,True,True,missingindicator_x_vital_noninvasive_systolic_bp_last
x_vital_noninvasive_systolic_bp_min,numeric,0.05773537809235609,0.05980385872700468,True,True,0.043098290598290595,True,True,0.06035718105015506,True,True,0.06783753178215071,True,True,0.057581778945794075,True,True,True,True,missingindicator_x_vital_noninvasive_systolic_bp_min
x_vital_noninvasive_systolic_bp_max,numeric,0.05773537809235609,0.05980385872700468,True,True,0.043098290598290595,True,True,0.06035718105015506,True,True,0.06783753178215071,True,True,0.057581778945794075,True,True,True,True,missingindicator_x_vital_noninvasive_systolic_bp_max
x_vital_noninvasive_systolic_bp_mean,numeric,0.05773537809235609,0.05980385872700468,True,True,0.043098290598290595,True,True,0.06035718105015506,True,True,0.06783753178215071,True,True,0.057581778945794075,True,True,True,True,missingindicator_x_vital_noninvasive_systolic_bp_mean
x_vital_noninvasive_systolic_bp_sd,numeric,0.0673436939016259,0.06939726085934662,True,True,0.05273504273504274,True,True,0.06993904395251845,True,True,0.07864880456381002,True,True,0.06600004273230349,True,True,True,True,missingindicator_x_vital_noninvasive_systolic_bp_sd
x_vital_noninvasive_systolic_bp_n,numeric,0.05773537809235609,0.05980385872700468,True,True,0.043098290598290595,True,True,0.06035718105015506,True,True,0.06783753178215071,True,True,0.057581778945794075,True,True,True,True,missingindicator_x_vital_noninvasive_systolic_bp_n
x_vital_noninvasive_diastolic_bp_first,numeric,0.05771828144500863,0.05978249257526227,True,True,0.043076923076923075,True,True,0.06033579296331943,True,True,0.0678161656304083,True,True,0.057581778945794075,True,True,True,True,missingindicator_x_vital_noninvasive_diastolic_bp_first
x_vital_noninvasive_diastolic_bp_last,numeric,0.05771828144500863,0.05978249257526227,True,True,0.043076923076923075,True,True,0.06033579296331943,True,True,0.0678161656304083,True,True,0.057581778945794075,True,True,True,True,missingindicator_x_vital_noninvasive_diastolic_bp_last
x_vital_noninvasive_diastolic_bp_min,numeric,0.05771828144500863,0.05978249257526227,True,True,0.043076923076923075,True,True,0.06033579296331943,True,True,0.0678161656304083,True,True,0.057581778945794075,True,True,True,True,missingindicator_x_vital_noninvasive_diastolic_bp_min
x_vital_noninvasive_diastolic_bp_max,numeric,0.05771828144500863,0.05978249257526227,True,True,0.043076923076923075,True,True,0.06033579296331943,True,True,0.0678161656304083,True,True,0.057581778945794075,True,True,True,True,missingindicator_x_vital_noninvasive_diastolic_bp_max
x_vital_noninvasive_diastolic_bp_mean,numeric,0.05771828144500863,0.05978249257526227,True,True,0.043076923076923075,True,True,0.06033579296331943,True,True,0.0678161656304083,True,True,0.057581778945794075,True,True,True,True,missingindicator_x_vital_noninvasive_diastolic_bp_mean
x_vital_noninvasive_diastolic_bp_sd,numeric,0.06732659725427843,0.06937589470760422,True,True,0.05271367521367521,True,True,0.06991765586568281,True,True,0.0786274384120676,True,True,0.06600004273230349,True,True,True,True,missingindicator_x_vital_noninvasive_diastolic_bp_sd
x_vital_noninvasive_diastolic_bp_n,numeric,0.05771828144500863,0.05978249257526227,True,True,0.043076923076923075,True,True,0.06033579296331943,True,True,0.0678161656304083,True,True,0.057581778945794075,True,True,True,True,missingindicator_x_vital_noninvasive_diastolic_bp_n
x_vital_noninvasive_mean_bp_first,numeric,0.057496025029491714,0.059568831057838174,True,True,0.04282051282051282,True,True,0.06016468826863437,True,True,0.06753840565775698,True,True,0.05738948358011239,True,True,True,True,missingindicator_x_vital_noninvasive_mean_bp_first
x_vital_noninvasive_mean_bp_last,numeric,0.057496025029491714,0.059568831057838174,True,True,0.04282051282051282,True,True,0.06016468826863437,True,True,0.06753840565775698,True,True,0.05738948358011239,True,True,True,True,missingindicator_x_vital_noninvasive_mean_bp_last
x_vital_noninvasive_mean_bp_min,numeric,0.057496025029491714,0.059568831057838174,True,True,0.04282051282051282,True,True,0.06016468826863437,True,True,0.06753840565775698,True,True,0.05738948358011239,True,True,True,True,missingindicator_x_vital_noninvasive_mean_bp_min
x_vital_noninvasive_mean_bp_max,numeric,0.057496025029491714,0.059568831057838174,True,True,0.04282051282051282,True,True,0.06016468826863437,True,True,0.06753840565775698,True,True,0.05738948358011239,True,True,True,True,missingindicator_x_vital_noninvasive_mean_bp_max
x_vital_noninvasive_mean_bp_mean,numeric,0.057496025029491714,0.059568831057838174,True,True,0.04282051282051282,True,True,0.06016468826863437,True,True,0.06753840565775698,True,True,0.05738948358011239,True,True,True,True,missingindicator_x_vital_noninvasive_mean_bp_mean
x_vital_noninvasive_mean_bp_sd,numeric,0.06720692072284624,0.06924769779714976,True,True,0.052585470085470085,True,True,0.06983210351834028,True,True,0.07847787534987073,True,True,0.06589321197359144,True,True,True,True,missingindicator_x_vital_noninvasive_mean_bp_sd
x_vital_noninvasive_mean_bp_n,numeric,0.057496025029491714,0.059568831057838174,True,True,0.04282051282051282,True,True,0.06016468826863437,True,True,0.06753840565775698,True,True,0.05738948358011239,True,True,True,True,missingindicator_x_vital_noninvasive_mean_bp_n
