model_a,model_b,probability_type,metric,point_estimate,bootstrap_replicates,bootstrap_mean,bootstrap_standard_error,ci_95_lower,ci_95_upper,positive_value_favors,statistical_direction,bootstrap_unit,paired_resampling,bootstrap_seed
xgboost,catboost,raw,delta_auroc_a_minus_b,0.004756630810628604,2000,0.004733101269517125,0.0014034521101888,0.001997256125830374,0.007493723102725578,xgboost,statistically_favors_xgboost,hospital,True,20260723
xgboost,catboost,raw,delta_auprc_a_minus_b,0.006331548223189931,2000,0.0064868998057452595,0.004160528618134119,-0.0014867360874473838,0.014591319434774278,xgboost,confidence_interval_includes_zero,hospital,True,20260723
xgboost,catboost,raw,brier_improvement_b_minus_a,0.00027253990693971303,2000,0.0002774548283591751,0.00010029402441986519,7.263101658061179e-05,0.0004632597405702899,xgboost,statistically_favors_xgboost,hospital,True,20260723
xgboost,catboost,raw,log_loss_improvement_b_minus_a,0.001746397825629853,2000,0.0017538506101732985,0.000327180570817153,0.001075926463300699,0.00237675993638695,xgboost,statistically_favors_xgboost,hospital,True,20260723
xgboost,catboost,platt_calibrated,delta_auroc_a_minus_b,0.004678085657992326,2000,0.0046545449137228075,0.0013955687016746646,0.0019535351470908514,0.007450161224299354,xgboost,statistically_favors_xgboost,hospital,True,20260723
xgboost,catboost,platt_calibrated,delta_auprc_a_minus_b,0.0057750121066055815,2000,0.005962273774725157,0.0041283352684810355,-0.0019366560188264965,0.014188810739006864,xgboost,confidence_interval_includes_zero,hospital,True,20260723
xgboost,catboost,platt_calibrated,brier_improvement_b_minus_a,0.0002791744536124671,2000,0.0002841471705040328,0.00010810141326727034,6.63642235288699e-05,0.0004838503110534729,xgboost,statistically_favors_xgboost,hospital,True,20260723
xgboost,catboost,platt_calibrated,log_loss_improvement_b_minus_a,0.001688262801063184,2000,0.0016957643148598795,0.00034970630353609944,0.0009710917698111284,0.002372801611239992,xgboost,statistically_favors_xgboost,hospital,True,20260723
xgboost,random_forest,raw,delta_auroc_a_minus_b,0.008358411483802675,2000,0.008386945098128974,0.001801684537988815,0.004912001630876383,0.01202918102373288,xgboost,statistically_favors_xgboost,hospital,True,20260723
xgboost,random_forest,raw,delta_auprc_a_minus_b,0.009929832305893727,2000,0.010131106786056627,0.00498627401094008,0.0005400326629480119,0.02019373440258974,xgboost,statistically_favors_xgboost,hospital,True,20260723
xgboost,random_forest,raw,brier_improvement_b_minus_a,0.00035694381384165225,2000,0.0003590149720181108,0.00010982005027838543,0.00014382762039362798,0.0005719753297328442,xgboost,statistically_favors_xgboost,hospital,True,20260723
xgboost,random_forest,raw,log_loss_improvement_b_minus_a,0.002571703404229464,2000,0.0025851658369676353,0.0004886503554300449,0.0016537892448605686,0.003548044090274112,xgboost,statistically_favors_xgboost,hospital,True,20260723
xgboost,random_forest,platt_calibrated,delta_auroc_a_minus_b,0.008279756311456055,2000,0.008308555570467563,0.0017988790504898339,0.0048118787287325495,0.011933510064251812,xgboost,statistically_favors_xgboost,hospital,True,20260723
xgboost,random_forest,platt_calibrated,delta_auprc_a_minus_b,0.009522678923770511,2000,0.009734469998162652,0.004993584657462497,6.58498912433428e-05,0.019773565905262705,xgboost,statistically_favors_xgboost,hospital,True,20260723
xgboost,random_forest,platt_calibrated,brier_improvement_b_minus_a,0.00038166580967134017,2000,0.00038470521476952367,0.00011844365874789472,0.00015258766519551053,0.0006108026770498647,xgboost,statistically_favors_xgboost,hospital,True,20260723
xgboost,random_forest,platt_calibrated,log_loss_improvement_b_minus_a,0.0027452135454421878,2000,0.002761255285486841,0.0005201782464719581,0.0017710173256273755,0.00376269586683843,xgboost,statistically_favors_xgboost,hospital,True,20260723
xgboost,logistic_regression,raw,delta_auroc_a_minus_b,0.0279027261385566,2000,0.02790052283243289,0.0025308696012064993,0.0228999563467033,0.032991427894533354,xgboost,statistically_favors_xgboost,hospital,True,20260723
xgboost,logistic_regression,raw,delta_auprc_a_minus_b,0.08471119607077748,2000,0.08477846318171797,0.007386190180962217,0.07083067209483024,0.09919403598670433,xgboost,statistically_favors_xgboost,hospital,True,20260723
xgboost,logistic_regression,raw,brier_improvement_b_minus_a,0.0039424333190850105,2000,0.003945828357662921,0.0002634168621360095,0.0034456194570080295,0.0044652749825449395,xgboost,statistically_favors_xgboost,hospital,True,20260723
xgboost,logistic_regression,raw,log_loss_improvement_b_minus_a,0.016343238339382837,2000,0.016353870638466255,0.0009061809061347859,0.014622249878748423,0.018215240944137626,xgboost,statistically_favors_xgboost,hospital,True,20260723
xgboost,logistic_regression,platt_calibrated,delta_auroc_a_minus_b,0.027879083794865034,2000,0.027874468255802014,0.0025274870717777675,0.02290983716892155,0.032948794062730144,xgboost,statistically_favors_xgboost,hospital,True,20260723
xgboost,logistic_regression,platt_calibrated,delta_auprc_a_minus_b,0.08418586699256436,2000,0.0842835379374175,0.007460148619066521,0.07034084106441081,0.09891880640523115,xgboost,statistically_favors_xgboost,hospital,True,20260723
xgboost,logistic_regression,platt_calibrated,brier_improvement_b_minus_a,0.003959128790797059,2000,0.003963660560569161,0.00027332245319702027,0.0034496722744767174,0.004513006750870804,xgboost,statistically_favors_xgboost,hospital,True,20260723
xgboost,logistic_regression,platt_calibrated,log_loss_improvement_b_minus_a,0.016527243568574712,2000,0.01653619720645652,0.000910112730816874,0.01481910996930852,0.018377522241313986,xgboost,statistically_favors_xgboost,hospital,True,20260723
catboost,random_forest,raw,delta_auroc_a_minus_b,0.003601780673174071,2000,0.0036538438286118488,0.0019929955886679018,-0.0001460028351531334,0.0075448497359685545,catboost,confidence_interval_includes_zero,hospital,True,20260723
catboost,random_forest,raw,delta_auprc_a_minus_b,0.0035982840827037954,2000,0.0036442069803113678,0.004569199701554446,-0.004932376699757784,0.013086315552236164,catboost,confidence_interval_includes_zero,hospital,True,20260723
catboost,random_forest,raw,brier_improvement_b_minus_a,8.440390690193922e-05,2000,8.156014365893566e-05,0.0001000636901954003,-0.00010233272005428488,0.0002825412271637812,catboost,confidence_interval_includes_zero,hospital,True,20260723
catboost,random_forest,raw,log_loss_improvement_b_minus_a,0.0008253055785996111,2000,0.0008313152267943367,0.00047964323730363234,-0.00010444718213895794,0.0017705590596827367,catboost,confidence_interval_includes_zero,hospital,True,20260723
catboost,random_forest,platt_calibrated,delta_auroc_a_minus_b,0.003601670653463729,2000,0.003654010656744755,0.0019916227888199982,-0.00013328010289162529,0.0075473521003353305,catboost,confidence_interval_includes_zero,hospital,True,20260723
catboost,random_forest,platt_calibrated,delta_auprc_a_minus_b,0.0037476668171649297,2000,0.0037721962234374936,0.004552083371887265,-0.004691787841314386,0.013116608399280267,catboost,confidence_interval_includes_zero,hospital,True,20260723
catboost,random_forest,platt_calibrated,brier_improvement_b_minus_a,0.00010249135605887305,2000,0.00010055804426549094,0.0001099673685610261,-0.000115154646215224,0.0003106628373142825,catboost,confidence_interval_includes_zero,hospital,True,20260723
catboost,random_forest,platt_calibrated,log_loss_improvement_b_minus_a,0.0010569507443790038,2000,0.001065490970626961,0.0005124567865315309,6.623285937773782e-05,0.002041417400721941,catboost,statistically_favors_catboost,hospital,True,20260723
catboost,logistic_regression,raw,delta_auroc_a_minus_b,0.023146095327927996,2000,0.023167421562915763,0.0022547769447875845,0.018842341068457145,0.027703868525030165,catboost,statistically_favors_catboost,hospital,True,20260723
catboost,logistic_regression,raw,delta_auprc_a_minus_b,0.07837964784758755,2000,0.07829156337597272,0.006703942291914266,0.06520966833164492,0.09145603493297264,catboost,statistically_favors_catboost,hospital,True,20260723
catboost,logistic_regression,raw,brier_improvement_b_minus_a,0.0036698934121452975,2000,0.0036683735293037466,0.00024227046278061325,0.0032133336220618426,0.004162696217089528,catboost,statistically_favors_catboost,hospital,True,20260723
catboost,logistic_regression,raw,log_loss_improvement_b_minus_a,0.014596840513752984,2000,0.014600020028292953,0.0008630860582831288,0.012969493881369835,0.016357347943016114,catboost,statistically_favors_catboost,hospital,True,20260723
catboost,logistic_regression,platt_calibrated,delta_auroc_a_minus_b,0.023200998136872708,2000,0.02321992334207921,0.00225115021606499,0.01889657479029442,0.027757297365832285,catboost,statistically_favors_catboost,hospital,True,20260723
catboost,logistic_regression,platt_calibrated,delta_auprc_a_minus_b,0.07841085488595878,2000,0.07832126416269235,0.006727902794782588,0.06522450674373799,0.09157997305211486,catboost,statistically_favors_catboost,hospital,True,20260723
catboost,logistic_regression,platt_calibrated,brier_improvement_b_minus_a,0.003679954337184592,2000,0.0036795133900651288,0.000256578716166569,0.0032026352233464734,0.0041884334146268095,catboost,statistically_favors_catboost,hospital,True,20260723
catboost,logistic_regression,platt_calibrated,log_loss_improvement_b_minus_a,0.014838980767511528,2000,0.014840432891596641,0.0008721669167315856,0.013202703924173768,0.01661134091880644,catboost,statistically_favors_catboost,hospital,True,20260723
random_forest,logistic_regression,raw,delta_auroc_a_minus_b,0.019544314654753925,2000,0.019513577734303914,0.002813644952946726,0.01383995034480712,0.024976230534004006,random_forest,statistically_favors_random_forest,hospital,True,20260723
random_forest,logistic_regression,raw,delta_auprc_a_minus_b,0.07478136376488376,2000,0.07464735639566135,0.007588738039808314,0.06053831515054151,0.08975310502557206,random_forest,statistically_favors_random_forest,hospital,True,20260723
random_forest,logistic_regression,raw,brier_improvement_b_minus_a,0.0035854895052433583,2000,0.0035868133856448107,0.000269958122615929,0.0030821937764561767,0.004140075146355816,random_forest,statistically_favors_random_forest,hospital,True,20260723
random_forest,logistic_regression,raw,log_loss_improvement_b_minus_a,0.013771534935153373,2000,0.013768704801498617,0.0009886398879454974,0.011871657998930507,0.015760386876686013,random_forest,statistically_favors_random_forest,hospital,True,20260723
random_forest,logistic_regression,platt_calibrated,delta_auroc_a_minus_b,0.01959932748340898,2000,0.019565912685334454,0.0028104622058221437,0.013864210911446883,0.025043203567331786,random_forest,statistically_favors_random_forest,hospital,True,20260723
random_forest,logistic_regression,platt_calibrated,delta_auprc_a_minus_b,0.07466318806879385,2000,0.07454906793925485,0.007604598334430794,0.06032098427371067,0.08976944303032651,random_forest,statistically_favors_random_forest,hospital,True,20260723
random_forest,logistic_regression,platt_calibrated,brier_improvement_b_minus_a,0.003577462981125719,2000,0.0035789553457996376,0.00026560974772659894,0.003070401007977399,0.004120601761707466,random_forest,statistically_favors_random_forest,hospital,True,20260723
random_forest,logistic_regression,platt_calibrated,log_loss_improvement_b_minus_a,0.013782030023132524,2000,0.013774941920969681,0.0009797656860781976,0.01190788222189288,0.01577832715565375,random_forest,statistically_favors_random_forest,hospital,True,20260723
