outer_fold,selected_candidate,source_predictor,transformed_column_count,mean_absolute_grouped_shap,mean_signed_grouped_shap,fold_rank
1,XGB04,x_age_years,1,0.01896726984940559,-0.0013334113673595619,34
1,XGB04,x_sex,3,0.010184909534556058,-0.0011189119142365274,58
1,XGB04,x_bmi,2,0.07667314966917127,-0.00432341505295991,5
1,XGB04,x_unit_type,8,0.06724733863691898,0.0055188312734049515,10
1,XGB04,x_unit_admit_source,16,0.07068676557265051,0.004252625940662417,9
1,XGB04,x_reference_creatinine,1,0.5090405527503379,-0.28994591233555267,1
1,XGB04,x_stage1_at_landmark,1,0.2918781560987826,-0.12006935909196663,3
1,XGB04,x_lab_creatinine_first,2,0.0626873103101818,0.004861101222192566,12
1,XGB04,x_lab_creatinine_last,2,0.3265977653927727,-0.21982997445075672,2
1,XGB04,x_lab_creatinine_min,2,0.01594368098458159,-0.007455313927040798,44
1,XGB04,x_lab_creatinine_max,2,0.0294775593261566,-0.018444551314362404,25
1,XGB04,x_lab_creatinine_mean,2,0.00569564690373416,-0.004505358229689442,98
1,XGB04,x_lab_creatinine_n,2,0.005313582581603266,-0.0017740046589083196,105
1,XGB04,x_lab_bun_first,2,0.05112167303219029,0.026483520305754387,13
1,XGB04,x_lab_bun_last,2,0.04007419835436088,0.030081467026619558,22
1,XGB04,x_lab_bun_min,2,0.07158171435344805,0.04848788289864929,8
1,XGB04,x_lab_bun_max,2,0.007923331264412359,0.004490264392264016,72
1,XGB04,x_lab_bun_mean,2,0.01074530563519838,0.0061194058380320505,57
1,XGB04,x_lab_bun_n,2,0.0008839709720679838,0.00014443459286859705,150
1,XGB04,x_lab_bicarbonate_first,2,0.005565290755388035,-0.0005167976025057901,100
1,XGB04,x_lab_bicarbonate_last,2,0.009719939877895224,-0.0039032708147446384,60
1,XGB04,x_lab_bicarbonate_min,2,0.008083342098042503,-0.00035652309976325167,71
1,XGB04,x_lab_bicarbonate_max,2,0.003570758486425737,-0.0015049580561661197,115
1,XGB04,x_lab_bicarbonate_mean,2,0.003979581985392513,-0.0008899396601916362,114
1,XGB04,x_lab_bicarbonate_n,2,0.001604901880926389,0.0002665890917925959,141
1,XGB04,x_lab_potassium_first,2,0.002365031166747808,0.0003141321793707873,133
1,XGB04,x_lab_potassium_last,2,0.0063501676295401556,-0.0014196309451075398,87
1,XGB04,x_lab_potassium_min,2,0.0015411298239707692,0.00016728556875707825,142
1,XGB04,x_lab_potassium_max,2,0.0011951092933567434,-0.00039223628291662325,145
1,XGB04,x_lab_potassium_mean,2,0.0013083122550518122,0.00022148822634237016,144
1,XGB04,x_lab_potassium_n,2,0.005169946227467026,0.0008772873919202454,108
1,XGB04,x_lab_potassium_delta,2,0.035879499067674105,0.00956022666218861,23
1,XGB04,x_lab_sodium_first,2,0.003984255468934137,0.0001830225742156026,113
1,XGB04,x_lab_sodium_last,2,0.0016236884717275716,-0.0004115197003098943,139
1,XGB04,x_lab_sodium_min,2,0.0024321462883323403,-2.0033476828758803e-05,129
1,XGB04,x_lab_sodium_max,2,0.003111915219263887,-0.0006228329001226831,121
1,XGB04,x_lab_sodium_mean,2,0.005533916041537211,0.0002645981342518474,101
1,XGB04,x_lab_sodium_n,2,0.0,0.0,155
1,XGB04,x_lab_sodium_delta,2,0.0020355402889311435,-5.39399473084656e-05,136
1,XGB04,x_lab_chloride_first,2,0.0041937064465242474,-0.000477502621435582,112
1,XGB04,x_lab_chloride_last,2,0.00931340883105382,-0.002751372518451318,64
1,XGB04,x_lab_chloride_min,2,0.004559391766835475,-0.0011685853502658413,111
1,XGB04,x_lab_chloride_max,2,0.0027574421100537987,-0.0006966547213456699,125
1,XGB04,x_lab_chloride_mean,2,0.0035615524819319192,-0.0005495404913569456,116
1,XGB04,x_lab_chloride_n,2,0.0,0.0,155
1,XGB04,x_lab_glucose_serum_first,2,0.01729655011887394,-0.001167779154445266,42
1,XGB04,x_lab_glucose_serum_last,2,0.0071764767998508915,0.0009925318017811999,78
1,XGB04,x_lab_glucose_serum_min,2,0.01894780842951379,-0.0036623630138714657,35
1,XGB04,x_lab_glucose_serum_max,2,0.01598192940069631,-0.0010443843322530749,43
1,XGB04,x_lab_glucose_serum_mean,2,0.006035150892461149,-0.0009331391621372055,91
1,XGB04,x_lab_glucose_serum_n,2,0.0005394890348819312,4.280745792992698e-05,152
1,XGB04,x_lab_calcium_first,2,0.0016069050155690643,0.00018051147988327394,140
1,XGB04,x_lab_calcium_last,2,0.028025770142854147,-0.010222083111194907,27
1,XGB04,x_lab_calcium_min,2,0.005658587915792273,-0.0013870692395837724,99
1,XGB04,x_lab_calcium_max,2,0.002175194629106818,-0.0005802356283786361,134
1,XGB04,x_lab_calcium_mean,2,0.005289278350706618,-0.0015073308509481007,106
1,XGB04,x_lab_calcium_n,2,0.0188949496803941,-0.0005654248481463867,36
1,XGB04,x_lab_magnesium_first,2,0.014606927124905574,-0.00013929319035197506,48
1,XGB04,x_lab_magnesium_last,2,0.002556963633600275,-0.00034724275483213646,128
1,XGB04,x_lab_magnesium_min,2,0.01769487349151053,0.000664104491709328,40
1,XGB04,x_lab_magnesium_max,2,0.0033602437816886584,-0.0005466445019843828,119
1,XGB04,x_lab_magnesium_mean,2,0.017888877006907965,-0.0020755924886445296,38
1,XGB04,x_lab_magnesium_n,2,0.0,0.0,155
1,XGB04,x_lab_phosphate_first,2,0.0027151383400084205,-0.0004630547658872672,127
1,XGB04,x_lab_phosphate_last,2,0.0027225179371895606,-0.0014613005657483408,126
1,XGB04,x_lab_phosphate_min,2,0.0011930291588517002,-0.00020148059251764896,146
1,XGB04,x_lab_phosphate_max,2,0.006164262513750611,-0.002468400298313435,89
1,XGB04,x_lab_phosphate_mean,2,0.004631652694734876,-0.002740761207090436,110
1,XGB04,x_lab_phosphate_n,2,0.0,0.0,155
1,XGB04,x_lab_hgb_first,2,0.002373152077879708,-0.00022095032677345723,132
1,XGB04,x_lab_hgb_last,2,0.006989404302012383,-0.0011946024247435603,81
1,XGB04,x_lab_hgb_min,2,0.005740950836725043,-0.0017874293518359992,97
1,XGB04,x_lab_hgb_max,2,0.007864904201339703,0.0009582442940579632,74
1,XGB04,x_lab_hgb_mean,2,0.006950733670333731,-0.000594858548118893,83
1,XGB04,x_lab_hgb_n,2,0.003393267938534985,-0.0008291780235440063,117
1,XGB04,x_lab_hct_first,2,0.006078748671857822,-0.0007135475636284338,90
1,XGB04,x_lab_hct_last,2,0.007073700867593159,-0.002300757798783334,80
1,XGB04,x_lab_hct_min,2,0.008430340955252628,-0.002948513015379396,68
1,XGB04,x_lab_hct_max,2,0.010984148227537113,0.0019403316849060251,56
1,XGB04,x_lab_hct_mean,2,0.0031782130431998396,0.001108994380779157,120
1,XGB04,x_lab_hct_n,2,0.012134270894289855,-0.002249164206272566,55
1,XGB04,x_lab_platelets_first,2,0.005233052570784696,4.679687655312382e-05,107
1,XGB04,x_lab_platelets_last,2,0.006983647872990141,-0.0015673161948198792,82
1,XGB04,x_lab_platelets_min,2,0.04215356115527743,-0.007334639950273515,20
1,XGB04,x_lab_platelets_max,2,0.005862831441976045,-0.0008507101076965396,95
1,XGB04,x_lab_platelets_mean,2,0.0060032611631052855,-0.001876681795446798,92
1,XGB04,x_lab_platelets_n,2,0.0007890358023040049,-0.00020537668870312424,151
1,XGB04,x_lab_wbc_first,2,0.00787255703039451,-0.0003619375196441424,73
1,XGB04,x_lab_wbc_last,2,0.020323508411489333,-0.003515479701831647,33
1,XGB04,x_lab_wbc_min,2,0.012615141521954826,-0.0022540402772042076,54
1,XGB04,x_lab_wbc_max,2,0.021111345702136172,-0.002120833050426336,32
1,XGB04,x_lab_wbc_mean,2,0.008817706469067562,-0.002577725847469972,65
1,XGB04,x_lab_wbc_n,2,0.002989862247925995,-0.0002525557362060892,122
1,XGB04,x_lab_albumin_first,2,0.00045403073482085983,1.68718949943948e-05,153
1,XGB04,x_lab_albumin_last,2,0.0011367069338002027,-0.0004681367232325667,147
1,XGB04,x_lab_albumin_min,2,0.0023789242507261696,5.906782874366677e-05,131
1,XGB04,x_lab_albumin_max,2,0.0015242883716290983,-0.0004802483730037462,143
1,XGB04,x_lab_albumin_mean,2,0.0020971024725209082,-0.0006032926614102368,135
1,XGB04,x_lab_albumin_n,2,0.0,0.0,155
1,XGB04,x_lab_bilirubin_total_first,2,0.0016246805930674399,-0.00031204793616179975,138
1,XGB04,x_lab_bilirubin_total_last,2,0.005455778178088077,-0.0016547707393470825,102
1,XGB04,x_lab_bilirubin_total_min,2,0.002409825871478855,-0.00031536098071375396,130
1,XGB04,x_lab_bilirubin_total_max,2,0.0033861485286571964,-0.00035646658156873994,118
1,XGB04,x_lab_bilirubin_total_mean,2,0.009630162005285419,-0.003427354034217047,62
1,XGB04,x_lab_bilirubin_total_n,2,0.0010688530301612073,-0.0003762401862197436,149
1,XGB04,x_lab_inr_first,2,0.018893285399834803,-0.0031542909359711362,37
1,XGB04,x_lab_inr_last,2,0.006198311550030756,-0.0008939205912758128,88
1,XGB04,x_lab_inr_min,2,0.0064558892265745875,-0.0014812742467323844,85
1,XGB04,x_lab_inr_max,2,0.013368957345549303,-0.0017457777962058376,52
1,XGB04,x_lab_inr_mean,2,0.009498509893560731,-0.0015038051852619967,63
1,XGB04,x_lab_inr_n,2,0.0247922563850843,-0.004154695408877902,29
1,XGB04,x_lab_anion_gap_first,2,0.0011309338316565195,-0.0003435142891263006,148
1,XGB04,x_lab_anion_gap_last,2,0.04335600184643486,-0.026063029686373626,18
1,XGB04,x_lab_anion_gap_min,2,0.009648427315089681,-0.006392605233346949,61
1,XGB04,x_lab_anion_gap_max,2,0.00835528224581711,-0.004071763309724183,69
1,XGB04,x_lab_anion_gap_mean,2,0.005039052449872986,-0.003556278144166793,109
1,XGB04,x_lab_anion_gap_n,2,0.002972887357532786,0.0003602217316502322,124
1,XGB04,x_vital_heart_rate_first,2,0.0071846807035788945,0.0007695572931094732,77
1,XGB04,x_vital_heart_rate_last,2,0.06307118183122365,-0.010745796914166926,11
1,XGB04,x_vital_heart_rate_min,2,0.008162614756892004,-0.000655166439799877,70
1,XGB04,x_vital_heart_rate_max,2,0.008546643715414713,-0.0018742739772498952,67
1,XGB04,x_vital_heart_rate_mean,2,0.026146273213722666,-0.005675520884635472,28
1,XGB04,x_vital_heart_rate_sd,2,0.04473946569294971,-0.006293760455441836,17
1,XGB04,x_vital_heart_rate_n,2,0.0053752243050456385,-0.0021722646099158385,104
1,XGB04,x_vital_sao2_first,2,0.012779342100707655,-0.00038293168748241516,53
1,XGB04,x_vital_sao2_last,2,0.014806327505990553,-0.0032117517097526287,46
1,XGB04,x_vital_sao2_min,2,0.007856628755672791,0.0005406622320401906,75
1,XGB04,x_vital_sao2_max,2,0.0003314755491855771,-4.11054165008457e-05,154
1,XGB04,x_vital_sao2_mean,2,0.07224072739731144,-0.008108861298439555,7
1,XGB04,x_vital_sao2_sd,2,0.10883281995421422,-0.0232912602371086,4
1,XGB04,x_vital_sao2_n,2,0.0071167793602966,0.00013246610321342457,79
1,XGB04,x_vital_respiratory_rate_first,2,0.00984546531043068,-0.001179523830234569,59
1,XGB04,x_vital_respiratory_rate_last,2,0.035623365477010026,-0.00615380799774057,24
1,XGB04,x_vital_respiratory_rate_min,2,0.04009647604294909,-0.0099653701717783,21
1,XGB04,x_vital_respiratory_rate_max,2,0.0058253092728455256,0.0003508100426437327,96
1,XGB04,x_vital_respiratory_rate_mean,2,0.07655950439237692,-0.009728607419079393,6
1,XGB04,x_vital_respiratory_rate_sd,2,0.048539581454640046,-0.008188761570219331,15
1,XGB04,x_vital_respiratory_rate_n,2,0.007848332193407073,-0.00010612864345745091,76
1,XGB04,x_vital_noninvasive_systolic_bp_first,2,0.023992007101768388,-0.001409447083008745,30
1,XGB04,x_vital_noninvasive_systolic_bp_last,2,0.04603413754328029,-0.009428957866725936,16
1,XGB04,x_vital_noninvasive_systolic_bp_min,2,0.043142494968686884,-0.005645329550535715,19
1,XGB04,x_vital_noninvasive_systolic_bp_max,2,0.014237453676526306,-0.0028180903880347316,49
1,XGB04,x_vital_noninvasive_systolic_bp_mean,2,0.005420859415942906,-0.0004584358854487228,103
1,XGB04,x_vital_noninvasive_systolic_bp_sd,2,0.050191255084357775,-0.0122891158808402,14
1,XGB04,x_vital_noninvasive_systolic_bp_n,2,0.005964882546152823,-0.001085872878504157,93
1,XGB04,x_vital_noninvasive_diastolic_bp_first,2,0.021618761572284036,0.003921999130234936,31
1,XGB04,x_vital_noninvasive_diastolic_bp_last,2,0.006599944810676316,-0.000815876055195966,84
1,XGB04,x_vital_noninvasive_diastolic_bp_min,2,0.0029887834421325255,0.00017117648168680453,123
1,XGB04,x_vital_noninvasive_diastolic_bp_max,2,0.001977450027463505,2.6497361237273412e-05,137
1,XGB04,x_vital_noninvasive_diastolic_bp_mean,2,0.015197071837925806,0.001380244934009019,45
1,XGB04,x_vital_noninvasive_diastolic_bp_sd,2,0.017721763538982183,-0.00022970972878444878,39
1,XGB04,x_vital_noninvasive_diastolic_bp_n,2,0.005921724418064659,-0.0013398372239301624,94
1,XGB04,x_vital_noninvasive_mean_bp_first,2,0.017297578604210537,0.0014210613863201039,41
1,XGB04,x_vital_noninvasive_mean_bp_last,2,0.014607157405693991,-0.0030304125175238,47
1,XGB04,x_vital_noninvasive_mean_bp_min,2,0.00857671207834598,-0.001604187481981961,66
1,XGB04,x_vital_noninvasive_mean_bp_max,2,0.006421975175088324,-0.0008351090681852558,86
1,XGB04,x_vital_noninvasive_mean_bp_mean,2,0.013714357595331891,-0.002490202933261308,51
1,XGB04,x_vital_noninvasive_mean_bp_sd,2,0.013777501106703725,-0.0016396681879010258,50
1,XGB04,x_vital_noninvasive_mean_bp_n,2,0.028270182828582506,-0.008476972558017375,26
2,XGB04,x_age_years,1,0.0208653598271741,-0.005038926763386308,32
2,XGB04,x_sex,3,0.013111501262956463,-0.0007581241285195017,54
2,XGB04,x_bmi,2,0.0651263204355482,-0.009672926064955557,9
2,XGB04,x_unit_type,8,0.033275702483112464,-0.0023516660633645567,21
2,XGB04,x_unit_admit_source,16,0.08472332390026482,-0.0016252968685678826,6
2,XGB04,x_reference_creatinine,1,0.4886964745508889,-0.27024986851284016,1
2,XGB04,x_stage1_at_landmark,1,0.28812077137134245,-0.1386539131561018,3
2,XGB04,x_lab_creatinine_first,2,0.04097380133669557,0.006901889557506842,15
2,XGB04,x_lab_creatinine_last,2,0.34807828229102766,-0.2338542776129538,2
2,XGB04,x_lab_creatinine_min,2,0.013919720061491567,-0.007212797338115508,50
2,XGB04,x_lab_creatinine_max,2,0.024909247739456363,-0.012972075176419908,27
2,XGB04,x_lab_creatinine_mean,2,0.012546265665964132,-0.010582472731998646,56
2,XGB04,x_lab_creatinine_n,2,0.002887509490410141,-1.1283826315476782e-05,124
2,XGB04,x_lab_bun_first,2,0.06340691796436249,0.02996935529074575,10
2,XGB04,x_lab_bun_last,2,0.03735871043384714,0.026905477907384172,16
2,XGB04,x_lab_bun_min,2,0.06780842627315967,0.046290707738696035,8
2,XGB04,x_lab_bun_max,2,0.01008623960501323,0.005901512945092799,65
2,XGB04,x_lab_bun_mean,2,0.013319887655969385,0.007837439854934092,52
2,XGB04,x_lab_bun_n,2,0.0006969337583608171,0.00016382374772319944,152
2,XGB04,x_lab_bicarbonate_first,2,0.0025151887998525707,-0.00010868330084146874,129
2,XGB04,x_lab_bicarbonate_last,2,0.011992638499985366,-0.00438418088888956,59
2,XGB04,x_lab_bicarbonate_min,2,0.0051155164156093495,-0.0009709491314331314,98
2,XGB04,x_lab_bicarbonate_max,2,0.004039774956762714,-0.0011923639623160113,106
2,XGB04,x_lab_bicarbonate_mean,2,0.004918251624011884,-0.0013138972448625455,99
2,XGB04,x_lab_bicarbonate_n,2,0.0022193189281147557,0.0006565218208716447,133
2,XGB04,x_lab_potassium_first,2,0.002315157172059091,-2.514369515041137e-05,131
2,XGB04,x_lab_potassium_last,2,0.008223820652409916,-0.0035663171448408184,72
2,XGB04,x_lab_potassium_min,2,0.0053777881000967595,-0.0003501685854798665,93
2,XGB04,x_lab_potassium_max,2,0.00080728505565,4.995741319707053e-05,149
2,XGB04,x_lab_potassium_mean,2,0.0014736356321445963,0.0001079092660524846,140
2,XGB04,x_lab_potassium_n,2,0.000743275645522037,-0.00018941671428564767,151
2,XGB04,x_lab_potassium_delta,2,0.03208926570204131,0.003321892717508772,23
2,XGB04,x_lab_sodium_first,2,0.0052674430894888765,-6.941184575634756e-05,95
2,XGB04,x_lab_sodium_last,2,0.0053905643148957705,-0.0005246358361004694,92
2,XGB04,x_lab_sodium_min,2,0.002663828634934402,0.0007613181150714574,126
2,XGB04,x_lab_sodium_max,2,0.0036405652052057527,-0.001013548315079367,115
2,XGB04,x_lab_sodium_mean,2,0.006917696157563002,0.0008473034443644186,80
2,XGB04,x_lab_sodium_n,2,0.001815310355343024,0.0002986849560693496,138
2,XGB04,x_lab_sodium_delta,2,0.0038277025505371112,-0.0004271241847285435,113
2,XGB04,x_lab_chloride_first,2,0.016261782041938844,-0.0024512632094209987,41
2,XGB04,x_lab_chloride_last,2,0.010304881939106206,-0.0038634850058038286,64
2,XGB04,x_lab_chloride_min,2,0.0013102484971315874,-3.827413662062373e-05,142
2,XGB04,x_lab_chloride_max,2,0.002875133932797319,-0.00021987570864726383,125
2,XGB04,x_lab_chloride_mean,2,0.009598329423363623,-0.0029092495500258222,69
2,XGB04,x_lab_chloride_n,2,0.003867269237642266,0.00018228644797660187,112
2,XGB04,x_lab_glucose_serum_first,2,0.03621028743622191,-0.004400971090190033,19
2,XGB04,x_lab_glucose_serum_last,2,0.00225480147304392,-0.0005420964211444579,132
2,XGB04,x_lab_glucose_serum_min,2,0.022958022519666506,-0.003433402635809596,30
2,XGB04,x_lab_glucose_serum_max,2,0.012371465288198226,-0.0015847482177295895,57
2,XGB04,x_lab_glucose_serum_mean,2,0.0025943584973080916,-0.00048262408448899676,128
2,XGB04,x_lab_glucose_serum_n,2,0.0009896601881573303,0.00016432903774361317,145
2,XGB04,x_lab_calcium_first,2,0.005231428472305041,-0.00038546034902990704,96
2,XGB04,x_lab_calcium_last,2,0.022024397146837186,-0.006541241771934579,31
2,XGB04,x_lab_calcium_min,2,0.005652116810428798,-0.001276319596508212,90
2,XGB04,x_lab_calcium_max,2,0.0032791907766940706,-0.0009153218240564553,118
2,XGB04,x_lab_calcium_mean,2,0.004474902900399125,-0.0007536179364960924,104
2,XGB04,x_lab_calcium_n,2,0.01688793497252883,0.0025080744173797092,40
2,XGB04,x_lab_magnesium_first,2,0.018344643592178352,-0.0008931528189188844,37
2,XGB04,x_lab_magnesium_last,2,0.002197108997216104,-0.0004987598538445982,134
2,XGB04,x_lab_magnesium_min,2,0.024328677501996788,-0.00025793444730212224,29
2,XGB04,x_lab_magnesium_max,2,0.003075567313380865,-0.0002799835401274636,121
2,XGB04,x_lab_magnesium_mean,2,0.014632681251415815,-0.0020392461025915943,47
2,XGB04,x_lab_magnesium_n,2,0.001418888553192327,-0.0003806323853796594,141
2,XGB04,x_lab_phosphate_first,2,0.001200874604667497,-0.0008099432357685063,144
2,XGB04,x_lab_phosphate_last,2,0.0008523646941378722,-0.0005358013797788148,146
2,XGB04,x_lab_phosphate_min,2,0.0007455758328148732,-0.00035880820047518914,150
2,XGB04,x_lab_phosphate_max,2,0.0190414675375343,-0.01031934740545151,36
2,XGB04,x_lab_phosphate_mean,2,0.0018486727850820896,-0.0011686989839887923,137
2,XGB04,x_lab_phosphate_n,2,0.0,0.0,158
2,XGB04,x_lab_hgb_first,2,0.00040449270480279843,-0.00025754174882299696,155
2,XGB04,x_lab_hgb_last,2,0.009769879935882794,-0.0019476936323535843,67
2,XGB04,x_lab_hgb_min,2,0.0020885336946544794,-0.0002536376903781443,135
2,XGB04,x_lab_hgb_max,2,0.003476110973716433,-6.928857377582418e-05,117
2,XGB04,x_lab_hgb_mean,2,0.004865987434477682,0.00011270702267877396,100
2,XGB04,x_lab_hgb_n,2,0.0016827618763923283,-0.000951954236940589,139
2,XGB04,x_lab_hct_first,2,0.003583609822162537,-0.00018868551706119498,116
2,XGB04,x_lab_hct_last,2,0.015194558545025626,-0.0038804633071763527,44
2,XGB04,x_lab_hct_min,2,0.0020283116538090972,-2.3767375744358935e-06,136
2,XGB04,x_lab_hct_max,2,0.011869507855029209,0.0003909715587381276,60
2,XGB04,x_lab_hct_mean,2,0.006373426269542017,-0.0009258747877148803,86
2,XGB04,x_lab_hct_n,2,0.013711382348025675,-0.004712618308851721,51
2,XGB04,x_lab_platelets_first,2,0.0038976300705511197,-0.00018423514146092383,111
2,XGB04,x_lab_platelets_last,2,0.0198422745473435,-0.0018801929020843566,34
2,XGB04,x_lab_platelets_min,2,0.025598827735719257,-0.0026281817052084783,26
2,XGB04,x_lab_platelets_max,2,0.007392468185314766,-0.0011864579176318686,76
2,XGB04,x_lab_platelets_mean,2,0.0031975694757828835,-0.0005104018262547786,119
2,XGB04,x_lab_platelets_n,2,0.0008140671786586868,-0.00033281456960898353,148
2,XGB04,x_lab_wbc_first,2,0.005844626880422333,-0.0015313027482734428,89
2,XGB04,x_lab_wbc_last,2,0.00586358724215052,-0.0018008469675852737,88
2,XGB04,x_lab_wbc_min,2,0.01728109216254542,-0.004523213193608182,39
2,XGB04,x_lab_wbc_max,2,0.024728390785915714,-0.004302723167323948,28
2,XGB04,x_lab_wbc_mean,2,0.011805412146877147,-0.0020711394410311804,61
2,XGB04,x_lab_wbc_n,2,0.0001726278107652663,-0.00010073847459660913,157
2,XGB04,x_lab_albumin_first,2,0.0006577602924679371,-0.0002246406196037441,153
2,XGB04,x_lab_albumin_last,2,0.00264406323933331,-0.0008225375141949716,127
2,XGB04,x_lab_albumin_min,2,0.000415203441186847,7.603557752015567e-05,154
2,XGB04,x_lab_albumin_max,2,0.0012626361185845791,-5.0558793120598195e-05,143
2,XGB04,x_lab_albumin_mean,2,0.000824822656115964,-7.031989389555601e-05,147
2,XGB04,x_lab_albumin_n,2,0.0,0.0,158
2,XGB04,x_lab_bilirubin_total_first,2,0.0038993149329903413,-0.0012544548141186704,110
2,XGB04,x_lab_bilirubin_total_last,2,0.009756762823460333,-0.0017426561774405143,68
2,XGB04,x_lab_bilirubin_total_min,2,0.004247646237157365,-0.001046949716387744,105
2,XGB04,x_lab_bilirubin_total_max,2,0.00372402779127518,-0.000919503674132469,114
2,XGB04,x_lab_bilirubin_total_mean,2,0.01455434587449924,-0.003587995255963205,48
2,XGB04,x_lab_bilirubin_total_n,2,0.00022830678248892818,-0.00011245879165896696,156
2,XGB04,x_lab_inr_first,2,0.008109130491038853,-0.001523644812752583,73
2,XGB04,x_lab_inr_last,2,0.0071398434442799955,-0.001161931481083087,78
2,XGB04,x_lab_inr_min,2,0.006406211637160367,-0.001201540944818262,83
2,XGB04,x_lab_inr_max,2,0.03196423043948468,-0.005771419504217576,24
2,XGB04,x_lab_inr_mean,2,0.015077429701045572,-0.0017938115247242675,45
2,XGB04,x_lab_inr_n,2,0.019397792207943385,-0.003890388924445275,35
2,XGB04,x_lab_anion_gap_first,2,0.004609519654524394,-0.0012760279067540064,101
2,XGB04,x_lab_anion_gap_last,2,0.034088036594775294,-0.014412881116596847,20
2,XGB04,x_lab_anion_gap_min,2,0.006670615373189172,-0.00451234574697285,82
2,XGB04,x_lab_anion_gap_max,2,0.005994106240548163,-0.002308794712055744,87
2,XGB04,x_lab_anion_gap_mean,2,0.006375239517924365,-0.0025875033792407626,85
2,XGB04,x_lab_anion_gap_n,2,0.0024075028196532213,-0.0002747939925463734,130
2,XGB04,x_vital_heart_rate_first,2,0.008857856143980316,0.0022312348969211367,70
2,XGB04,x_vital_heart_rate_last,2,0.09395529796582439,-0.013983047735109916,5
2,XGB04,x_vital_heart_rate_min,2,0.009816575288016242,-0.0015815599583059907,66
2,XGB04,x_vital_heart_rate_max,2,0.007125080563136707,-0.001227609016258561,79
2,XGB04,x_vital_heart_rate_mean,2,0.020397019113717614,-0.0049905857481015664,33
2,XGB04,x_vital_heart_rate_sd,2,0.05176157010160392,-0.007327194247146251,14
2,XGB04,x_vital_heart_rate_n,2,0.004488365894058089,-0.0002855739429830159,103
2,XGB04,x_vital_sao2_first,2,0.017682701071242906,0.0003087824018628723,38
2,XGB04,x_vital_sao2_last,2,0.01110152220385436,-0.002780753240647678,63
2,XGB04,x_vital_sao2_min,2,0.005558761798048976,-0.001446635444026216,91
2,XGB04,x_vital_sao2_max,2,0.002926045749987714,-0.00014271499590399995,123
2,XGB04,x_vital_sao2_mean,2,0.06210954350530281,-0.007212866594460267,11
2,XGB04,x_vital_sao2_sd,2,0.10373543199389924,-0.021252506960266513,4
2,XGB04,x_vital_sao2_n,2,0.004037728453368086,-0.00013668016387644459,107
2,XGB04,x_vital_respiratory_rate_first,2,0.007500492171560857,-0.001170893369050841,74
2,XGB04,x_vital_respiratory_rate_last,2,0.036612775525090284,-0.007654471112371784,17
2,XGB04,x_vital_respiratory_rate_min,2,0.036336669555061485,-0.007313792544073384,18
2,XGB04,x_vital_respiratory_rate_max,2,0.006399986164055324,0.0004413107477098473,84
2,XGB04,x_vital_respiratory_rate_mean,2,0.08094609127975229,-0.01622501972233313,7
2,XGB04,x_vital_respiratory_rate_sd,2,0.03220226117581835,-0.005248524950865901,22
2,XGB04,x_vital_respiratory_rate_n,2,0.007411454540689681,-0.00016171075054685846,75
2,XGB04,x_vital_noninvasive_systolic_bp_first,2,0.01260062306883559,0.0010520644975147997,55
2,XGB04,x_vital_noninvasive_systolic_bp_last,2,0.053942283572132835,-0.009295691392080332,13
2,XGB04,x_vital_noninvasive_systolic_bp_min,2,0.014860041866543447,-0.001983512581109291,46
2,XGB04,x_vital_noninvasive_systolic_bp_max,2,0.015789224772521687,-0.004672958588656468,43
2,XGB04,x_vital_noninvasive_systolic_bp_mean,2,0.003954732536059644,0.0005714348361931252,109
2,XGB04,x_vital_noninvasive_systolic_bp_sd,2,0.05964724145534288,-0.0137810495106479,12
2,XGB04,x_vital_noninvasive_systolic_bp_n,2,0.01626097941336335,-0.004949633936812215,42
2,XGB04,x_vital_noninvasive_diastolic_bp_first,2,0.014350892995364427,0.0020151286620891367,49
2,XGB04,x_vital_noninvasive_diastolic_bp_last,2,0.008543535074570159,-0.001740708528478067,71
2,XGB04,x_vital_noninvasive_diastolic_bp_min,2,0.0030290099454504203,-0.0006726278593111227,122
2,XGB04,x_vital_noninvasive_diastolic_bp_max,2,0.004531648368971443,0.0007595546734295354,102
2,XGB04,x_vital_noninvasive_diastolic_bp_mean,2,0.007217734039812767,0.0012679392068889557,77
2,XGB04,x_vital_noninvasive_diastolic_bp_sd,2,0.013129936776801174,0.0036880806780511814,53
2,XGB04,x_vital_noninvasive_diastolic_bp_n,2,0.005217268977609676,-0.0014194273300782594,97
2,XGB04,x_vital_noninvasive_mean_bp_first,2,0.012353905169258099,0.0020607293067564994,58
2,XGB04,x_vital_noninvasive_mean_bp_last,2,0.005299544890931079,-0.00033958431316858333,94
2,XGB04,x_vital_noninvasive_mean_bp_min,2,0.011287854696356014,-0.0015795316316033724,62
2,XGB04,x_vital_noninvasive_mean_bp_max,2,0.003164866796520464,-0.0001506001333765633,120
2,XGB04,x_vital_noninvasive_mean_bp_mean,2,0.006817895249521255,-0.00030125523145015207,81
2,XGB04,x_vital_noninvasive_mean_bp_sd,2,0.0039564131683550675,0.000491818045068661,108
2,XGB04,x_vital_noninvasive_mean_bp_n,2,0.031330031135007416,-0.009902455686422106,25
3,XGB04,x_age_years,1,0.03633870751332588,-0.007684919645643585,23
3,XGB04,x_sex,3,0.009198305797334052,-0.0007075911872656701,65
3,XGB04,x_bmi,2,0.0592177727375463,-0.006467049345372012,9
3,XGB04,x_unit_type,8,0.03572227094404457,-0.005013871431271911,25
3,XGB04,x_unit_admit_source,16,0.07496100492083724,0.0008377061805090452,5
3,XGB04,x_reference_creatinine,1,0.47410822287471194,-0.23766990485195716,1
3,XGB04,x_stage1_at_landmark,1,0.28717798012135465,-0.1307492019315317,3
3,XGB04,x_lab_creatinine_first,2,0.03630564321950389,0.005967254593198975,24
3,XGB04,x_lab_creatinine_last,2,0.37315433243656093,-0.24870632985971947,2
3,XGB04,x_lab_creatinine_min,2,0.028273347947475734,-0.019175430925902084,31
3,XGB04,x_lab_creatinine_max,2,0.03785706335826864,-0.016893930816009442,22
3,XGB04,x_lab_creatinine_mean,2,0.008184885597485174,-0.006963696834483384,76
3,XGB04,x_lab_creatinine_n,2,0.0002307771487055299,5.4406274942861014e-05,153
3,XGB04,x_lab_bun_first,2,0.06998081501597647,0.039822363823876605,7
3,XGB04,x_lab_bun_last,2,0.03528553524145241,0.025632099350672025,27
3,XGB04,x_lab_bun_min,2,0.04216098514583247,0.02995224307755016,18
3,XGB04,x_lab_bun_max,2,0.008650733920685817,0.0037458516067459266,69
3,XGB04,x_lab_bun_mean,2,0.014639920899691017,0.009536392829027022,44
3,XGB04,x_lab_bun_n,2,0.0,0.0,156
3,XGB04,x_lab_bicarbonate_first,2,0.0028958158667156376,-0.00014846063626106114,118
3,XGB04,x_lab_bicarbonate_last,2,0.01266740264521308,-0.0038065436777925633,54
3,XGB04,x_lab_bicarbonate_min,2,0.006349003242332498,-0.00038758384027085663,87
3,XGB04,x_lab_bicarbonate_max,2,0.0013640014002807073,-0.00046381262841266996,144
3,XGB04,x_lab_bicarbonate_mean,2,0.010977178228003046,-0.0026492952170318242,58
3,XGB04,x_lab_bicarbonate_n,2,0.0004647487423095292,0.00014243893592962058,149
3,XGB04,x_lab_potassium_first,2,0.0016804935662731706,-0.00013786031420802156,134
3,XGB04,x_lab_potassium_last,2,0.01367260510203991,-0.004933998408344326,51
3,XGB04,x_lab_potassium_min,2,0.0021165752326353527,-0.00023074215068200892,126
3,XGB04,x_lab_potassium_max,2,0.001021372853814132,0.0004814114234482024,146
3,XGB04,x_lab_potassium_mean,2,0.0015003920863190428,-2.576496250580841e-05,139
3,XGB04,x_lab_potassium_n,2,0.00017114104757725212,-5.220922613939418e-05,155
3,XGB04,x_lab_potassium_delta,2,0.035692158674833,0.002637304149181999,26
3,XGB04,x_lab_sodium_first,2,0.0041320719001014024,-1.5176155729169799e-05,105
3,XGB04,x_lab_sodium_last,2,0.0030256404222833207,-0.00019795710669755887,116
3,XGB04,x_lab_sodium_min,2,0.00290420562893691,-4.151183283647821e-05,117
3,XGB04,x_lab_sodium_max,2,0.001642136723867888,-0.00026943207945190616,136
3,XGB04,x_lab_sodium_mean,2,0.0051989387686300305,-8.411951744143281e-05,94
3,XGB04,x_lab_sodium_n,2,0.0009254133055234058,-9.436062275531524e-05,147
3,XGB04,x_lab_sodium_delta,2,0.0018624415651259721,7.268467518366595e-05,131
3,XGB04,x_lab_chloride_first,2,0.020946036617840048,-0.0023277978833560193,40
3,XGB04,x_lab_chloride_last,2,0.020506633983461107,-0.0022334923364801585,41
3,XGB04,x_lab_chloride_min,2,0.005378547829352985,-0.0013483989612663718,93
3,XGB04,x_lab_chloride_max,2,0.008837479220714983,-0.001474911150616076,68
3,XGB04,x_lab_chloride_mean,2,0.002341555431629009,-0.0004232583539715578,122
3,XGB04,x_lab_chloride_n,2,0.0001911269738460997,5.676041922616179e-05,154
3,XGB04,x_lab_glucose_serum_first,2,0.023536009763017177,-0.000823866213420721,38
3,XGB04,x_lab_glucose_serum_last,2,0.0031673272145397945,-0.000978970931454158,114
3,XGB04,x_lab_glucose_serum_min,2,0.015515604110133308,-0.0028274407702243583,43
3,XGB04,x_lab_glucose_serum_max,2,0.015521011883539937,-0.002071250354618286,42
3,XGB04,x_lab_glucose_serum_mean,2,0.0016498650617347433,-0.0003212437921545757,135
3,XGB04,x_lab_glucose_serum_n,2,0.00031183580722055017,7.263006167966215e-05,151
3,XGB04,x_lab_calcium_first,2,0.0045302310597311905,-0.00020435392887851783,101
3,XGB04,x_lab_calcium_last,2,0.024980261741007877,-0.008642847906978283,35
3,XGB04,x_lab_calcium_min,2,0.005474088861502506,0.0007408502185038855,91
3,XGB04,x_lab_calcium_max,2,0.0014958827626206314,-0.00015513115384661666,140
3,XGB04,x_lab_calcium_mean,2,0.004630803180180103,-0.0005263502657692251,99
3,XGB04,x_lab_calcium_n,2,0.0,0.0,156
3,XGB04,x_lab_magnesium_first,2,0.006482032723456321,-0.0005687077659448272,85
3,XGB04,x_lab_magnesium_last,2,0.004535168642082083,-0.0004982884496738398,100
3,XGB04,x_lab_magnesium_min,2,0.03137696622849932,0.0020509922701666488,28
3,XGB04,x_lab_magnesium_max,2,0.0018489922730460168,-0.00017170256656889797,132
3,XGB04,x_lab_magnesium_mean,2,0.009632336901532904,-0.0016684555039123803,62
3,XGB04,x_lab_magnesium_n,2,0.00030666016205487743,-0.0001256079133812274,152
3,XGB04,x_lab_phosphate_first,2,0.002296383244433424,-0.00033516064705641104,123
3,XGB04,x_lab_phosphate_last,2,0.007407029271239272,-0.0037050007568266313,80
3,XGB04,x_lab_phosphate_min,2,0.0019463968659629053,-0.00026215413134192124,129
3,XGB04,x_lab_phosphate_max,2,0.004855149068444143,-0.002479864951721015,97
3,XGB04,x_lab_phosphate_mean,2,0.0022621625371453463,-0.0012682017346234583,124
3,XGB04,x_lab_phosphate_n,2,0.0003977371439336917,0.00014350931097931857,150
3,XGB04,x_lab_hgb_first,2,0.0034211402643962844,-0.00014343095809321674,112
3,XGB04,x_lab_hgb_last,2,0.0042060520799712155,8.49658601123012e-05,103
3,XGB04,x_lab_hgb_min,2,0.0013407818721606188,-0.00020697717321176108,145
3,XGB04,x_lab_hgb_max,2,0.006058989846171607,0.0012182034022612692,88
3,XGB04,x_lab_hgb_mean,2,0.007987334863357731,-0.0011899454490400952,78
3,XGB04,x_lab_hgb_n,2,0.0037124272242527743,-0.0006830183649422744,111
3,XGB04,x_lab_hct_first,2,0.002448379126626103,0.0001654340413507198,121
3,XGB04,x_lab_hct_last,2,0.009252049204169712,-0.0017042029911588563,63
3,XGB04,x_lab_hct_min,2,0.008973486472357505,-0.0024158187823109176,67
3,XGB04,x_lab_hct_max,2,0.010070975195566944,0.0014833648439146314,60
3,XGB04,x_lab_hct_mean,2,0.0037144809854604923,-8.65761797855565e-05,110
3,XGB04,x_lab_hct_n,2,0.014411270416351107,-0.0008080588478153045,47
3,XGB04,x_lab_platelets_first,2,0.00758112888885618,-0.0014414490694906587,79
3,XGB04,x_lab_platelets_last,2,0.008402250575611277,-0.0014770684201448664,72
3,XGB04,x_lab_platelets_min,2,0.041583534893944424,-0.007168801810316492,19
3,XGB04,x_lab_platelets_max,2,0.004859432417800656,-0.0009314966389967406,96
3,XGB04,x_lab_platelets_mean,2,0.009128354075668591,-0.0020558778494756706,66
3,XGB04,x_lab_platelets_n,2,0.0015813244427611147,-0.00011888858339512875,137
3,XGB04,x_lab_wbc_first,2,0.00814436431854779,-0.0010715913986963123,77
3,XGB04,x_lab_wbc_last,2,0.024488477407557857,-0.005293388869456458,36
3,XGB04,x_lab_wbc_min,2,0.014450309031427959,-0.0027038848618605982,46
3,XGB04,x_lab_wbc_max,2,0.02707217842609169,-0.00495361345494174,33
3,XGB04,x_lab_wbc_mean,2,0.011109220322036248,-0.002057167103346086,57
3,XGB04,x_lab_wbc_n,2,0.0017902889703369088,-0.00023564045850763506,133
3,XGB04,x_lab_albumin_first,2,0.0027364900487361083,0.0002307991814347694,119
3,XGB04,x_lab_albumin_last,2,0.0018780444429485623,-0.0002447326440833905,130
3,XGB04,x_lab_albumin_min,2,0.0026435545702184226,-0.00025335341441113957,120
3,XGB04,x_lab_albumin_max,2,0.0015138333352903526,-0.00033346756520970255,138
3,XGB04,x_lab_albumin_mean,2,0.0007850255102496826,-0.00016817723623742446,148
3,XGB04,x_lab_albumin_n,2,0.0,0.0,156
3,XGB04,x_lab_bilirubin_total_first,2,0.0014919600711993054,-0.0002273465442519162,141
3,XGB04,x_lab_bilirubin_total_last,2,0.008542950353703126,-0.0018876347388454315,71
3,XGB04,x_lab_bilirubin_total_min,2,0.001998408747648953,-0.00014420233026305045,128
3,XGB04,x_lab_bilirubin_total_max,2,0.004301006632137206,-0.0005484148758253188,102
3,XGB04,x_lab_bilirubin_total_mean,2,0.0030447034297209964,-0.000606656744779983,115
3,XGB04,x_lab_bilirubin_total_n,2,0.0,0.0,156
3,XGB04,x_lab_inr_first,2,0.008546116484991222,-0.0007929976076294995,70
3,XGB04,x_lab_inr_last,2,0.008202957783976705,-0.001935405086878646,75
3,XGB04,x_lab_inr_min,2,0.0037961882358131947,-0.00035701616672820534,109
3,XGB04,x_lab_inr_max,2,0.022188723249860494,-0.0022676412633545868,39
3,XGB04,x_lab_inr_mean,2,0.025036071092812775,0.00011648136621063304,34
3,XGB04,x_lab_inr_n,2,0.04483218171637589,-0.004384948559208242,16
3,XGB04,x_lab_anion_gap_first,2,0.0013926414428560865,-0.0006774716995662273,142
3,XGB04,x_lab_anion_gap_last,2,0.03802432808194836,-0.010083637585818764,21
3,XGB04,x_lab_anion_gap_min,2,0.0040666020556385215,-0.0024260976972448668,106
3,XGB04,x_lab_anion_gap_max,2,0.004053845862807775,-0.0017435917220259272,107
3,XGB04,x_lab_anion_gap_mean,2,0.006725802997822518,-0.002283103227106243,84
3,XGB04,x_lab_anion_gap_n,2,0.0013819091650261568,-0.0002648132493622922,143
3,XGB04,x_vital_heart_rate_first,2,0.005741198862984339,0.002125611757572438,89
3,XGB04,x_vital_heart_rate_last,2,0.06546276245945085,-0.00514800379358041,8
3,XGB04,x_vital_heart_rate_min,2,0.013371528484782267,-0.002173676215131855,53
3,XGB04,x_vital_heart_rate_max,2,0.003810724107825949,-0.00028919061812173396,108
3,XGB04,x_vital_heart_rate_mean,2,0.05142829183543949,-0.005658780092853059,12
3,XGB04,x_vital_heart_rate_sd,2,0.04798247670110985,-0.008650300766427945,15
3,XGB04,x_vital_heart_rate_n,2,0.004173503849017883,-0.0013393862574924416,104
3,XGB04,x_vital_sao2_first,2,0.009987260662417062,-0.0019250763023318893,61
3,XGB04,x_vital_sao2_last,2,0.006938833701447153,-0.0016637042005080527,81
3,XGB04,x_vital_sao2_min,2,0.0022332818620798916,-0.0006455846615164089,125
3,XGB04,x_vital_sao2_max,2,0.008235465910881437,-0.001005853072863695,74
3,XGB04,x_vital_sao2_mean,2,0.04980945233588821,-0.005517054942107625,13
3,XGB04,x_vital_sao2_sd,2,0.0806427822100456,-0.02426338236180114,4
3,XGB04,x_vital_sao2_n,2,0.002050663556478969,0.0002849467876804548,127
3,XGB04,x_vital_respiratory_rate_first,2,0.006802064069847353,-0.00019167712099740062,82
3,XGB04,x_vital_respiratory_rate_last,2,0.07287936886275442,-0.012500659217256346,6
3,XGB04,x_vital_respiratory_rate_min,2,0.05227964972034658,-0.012890355086958757,11
3,XGB04,x_vital_respiratory_rate_max,2,0.009245730893768293,0.0025482549098144983,64
3,XGB04,x_vital_respiratory_rate_mean,2,0.05567698903432657,-0.012331211739540075,10
3,XGB04,x_vital_respiratory_rate_sd,2,0.04129839429521707,-0.005696696068138217,20
3,XGB04,x_vital_respiratory_rate_n,2,0.0055113495300904616,-0.0011839519243774495,90
3,XGB04,x_vital_noninvasive_systolic_bp_first,2,0.02713148874027787,0.0037623202841122376,32
3,XGB04,x_vital_noninvasive_systolic_bp_last,2,0.044044511561220204,-0.008124921772163183,17
3,XGB04,x_vital_noninvasive_systolic_bp_min,2,0.012308156923505049,-2.990562174445505e-05,55
3,XGB04,x_vital_noninvasive_systolic_bp_max,2,0.023792293491073306,-0.0014472789036601814,37
3,XGB04,x_vital_noninvasive_systolic_bp_mean,2,0.014272475607196392,-0.004809847548581172,48
3,XGB04,x_vital_noninvasive_systolic_bp_sd,2,0.04969275989545099,-0.007933503427137455,14
3,XGB04,x_vital_noninvasive_systolic_bp_n,2,0.0054582665953549344,-0.0005911225086264009,92
3,XGB04,x_vital_noninvasive_diastolic_bp_first,2,0.0067731494034660965,0.0006421238625135327,83
3,XGB04,x_vital_noninvasive_diastolic_bp_last,2,0.0140792829292589,0.000443415011593892,50
3,XGB04,x_vital_noninvasive_diastolic_bp_min,2,0.011527215646669614,-0.0009844562232318738,56
3,XGB04,x_vital_noninvasive_diastolic_bp_max,2,0.0032441791860371026,0.00015158242838391936,113
3,XGB04,x_vital_noninvasive_diastolic_bp_mean,2,0.005150811124671721,0.00039403759072089036,95
3,XGB04,x_vital_noninvasive_diastolic_bp_sd,2,0.010644176328884482,-0.00013466078072978363,59
3,XGB04,x_vital_noninvasive_diastolic_bp_n,2,0.006476312061110114,-0.0012672170006544268,86
3,XGB04,x_vital_noninvasive_mean_bp_first,2,0.030789673018852794,0.0035395645997106993,29
3,XGB04,x_vital_noninvasive_mean_bp_last,2,0.008270011980901463,-0.001411665888346436,73
3,XGB04,x_vital_noninvasive_mean_bp_min,2,0.014603608964841827,-0.0014063421620835795,45
3,XGB04,x_vital_noninvasive_mean_bp_max,2,0.004660442069507553,-0.00038171787037154746,98
3,XGB04,x_vital_noninvasive_mean_bp_mean,2,0.014182644210902193,-0.005804173220154018,49
3,XGB04,x_vital_noninvasive_mean_bp_sd,2,0.013499431410506467,-0.0009655077649590607,52
3,XGB04,x_vital_noninvasive_mean_bp_n,2,0.030517232377862497,-0.003001606864090495,30
4,XGB04,x_age_years,1,0.022833355878269308,-0.0019954686721153168,36
4,XGB04,x_sex,3,0.008836068318106398,-0.0009620637245662144,63
4,XGB04,x_bmi,2,0.05835213161007967,-0.007595202722349637,10
4,XGB04,x_unit_type,8,0.02696576190989619,-0.004035372679601786,30
4,XGB04,x_unit_admit_source,16,0.09118381995004574,-0.010199510684702722,4
4,XGB04,x_reference_creatinine,1,0.4921674494394226,-0.2585107534668094,1
4,XGB04,x_stage1_at_landmark,1,0.29102443333098144,-0.14710367177813877,3
4,XGB04,x_lab_creatinine_first,2,0.05445037844375149,0.004014656283650468,11
4,XGB04,x_lab_creatinine_last,2,0.3437476257640088,-0.2174064239691705,2
4,XGB04,x_lab_creatinine_min,2,0.02144958141586677,-0.009012396457158282,37
4,XGB04,x_lab_creatinine_max,2,0.027339433312290648,-0.012632487887073695,29
4,XGB04,x_lab_creatinine_mean,2,0.007890193308992747,-0.007043349168167937,74
4,XGB04,x_lab_creatinine_n,2,0.001795372144444676,-6.722839643298183e-05,133
4,XGB04,x_lab_bun_first,2,0.0752931377227918,0.039832931261200175,7
4,XGB04,x_lab_bun_last,2,0.022837189521687198,0.01657659380535764,35
4,XGB04,x_lab_bun_min,2,0.05371473993258079,0.036068310534958355,12
4,XGB04,x_lab_bun_max,2,0.013573125967049873,0.007970244972426268,48
4,XGB04,x_lab_bun_mean,2,0.017147303221837648,0.010658470567112758,41
4,XGB04,x_lab_bun_n,2,0.0,0.0,157
4,XGB04,x_lab_bicarbonate_first,2,0.008774178949820194,-0.0014758763825734173,65
4,XGB04,x_lab_bicarbonate_last,2,0.007974829599790659,-0.002620683454589571,72
4,XGB04,x_lab_bicarbonate_min,2,0.007791613710047451,0.0005429979653874309,76
4,XGB04,x_lab_bicarbonate_max,2,0.0052409198463232946,-0.0019302185115261875,99
4,XGB04,x_lab_bicarbonate_mean,2,0.009942036494920465,-0.00344763638388428,60
4,XGB04,x_lab_bicarbonate_n,2,0.0018836938624819588,0.00041779592640378907,132
4,XGB04,x_lab_potassium_first,2,0.0020288669363367497,0.0006329361554487912,129
4,XGB04,x_lab_potassium_last,2,0.03731104048202412,-0.01241125005371985,22
4,XGB04,x_lab_potassium_min,2,0.0028052863163842696,0.0006281853628418121,122
4,XGB04,x_lab_potassium_max,2,0.0013568383776347292,-0.00047375337695561824,140
4,XGB04,x_lab_potassium_mean,2,0.004688618912171526,-0.0013696695612017942,104
4,XGB04,x_lab_potassium_n,2,0.0003673947559023533,8.422335109107181e-05,154
4,XGB04,x_lab_potassium_delta,2,0.029050825244245623,0.0030516120507510544,27
4,XGB04,x_lab_sodium_first,2,0.004220494110608583,0.0004475674291398226,110
4,XGB04,x_lab_sodium_last,2,0.0019021423056847914,-0.0002648766205079828,131
4,XGB04,x_lab_sodium_min,2,0.004426611093624906,0.0006777205100267947,108
4,XGB04,x_lab_sodium_max,2,0.0014949347653631481,-0.00020348827323068367,137
4,XGB04,x_lab_sodium_mean,2,0.005716049518120016,-0.0008685643592757979,95
4,XGB04,x_lab_sodium_n,2,0.0007410952724635078,-0.00024044973808354274,149
4,XGB04,x_lab_sodium_delta,2,0.0017845283069767527,-7.273529518094036e-05,134
4,XGB04,x_lab_chloride_first,2,0.002563077032633295,-0.0010068605693398511,124
4,XGB04,x_lab_chloride_last,2,0.0035684682520630423,0.000747479599201474,116
4,XGB04,x_lab_chloride_min,2,0.0019040374827000361,-0.0002726416193701972,130
4,XGB04,x_lab_chloride_max,2,0.008029225095962916,0.00017529965337757315,71
4,XGB04,x_lab_chloride_mean,2,0.005972160765440038,-0.0002604848925440669,89
4,XGB04,x_lab_chloride_n,2,0.0014752811821244374,0.00016832045964867355,138
4,XGB04,x_lab_glucose_serum_first,2,0.04319155485147901,-0.006181862557784235,19
4,XGB04,x_lab_glucose_serum_last,2,0.0014549159314041393,-0.00020168706359415537,139
4,XGB04,x_lab_glucose_serum_min,2,0.022954903429583146,-0.004269565862750419,34
4,XGB04,x_lab_glucose_serum_max,2,0.012807185740452257,-0.0016345298335988503,50
4,XGB04,x_lab_glucose_serum_mean,2,0.013995688330801295,-0.0017756355231313915,47
4,XGB04,x_lab_glucose_serum_n,2,0.0008355390096813289,0.00017533296952900604,147
4,XGB04,x_lab_calcium_first,2,0.002870914941092073,0.0004825914717344649,121
4,XGB04,x_lab_calcium_last,2,0.026006168033870906,-0.010658840063590951,32
4,XGB04,x_lab_calcium_min,2,0.0035168137646451525,-0.0010695129218795448,118
4,XGB04,x_lab_calcium_max,2,0.0010632229264006593,-0.00035031707365350116,146
4,XGB04,x_lab_calcium_mean,2,0.003907492952119674,-0.000597914929366883,113
4,XGB04,x_lab_calcium_n,2,0.0008164689738130035,0.00029538906384190937,148
4,XGB04,x_lab_magnesium_first,2,0.009021420662638507,-0.0012990245283812543,61
4,XGB04,x_lab_magnesium_last,2,0.004306014833379094,-0.0011823330852097592,109
4,XGB04,x_lab_magnesium_min,2,0.030592993269982452,-0.0019315260108256735,26
4,XGB04,x_lab_magnesium_max,2,0.0004636026238426691,-9.714519113126552e-05,153
4,XGB04,x_lab_magnesium_mean,2,0.007969089807736043,-0.0013275532732033683,73
4,XGB04,x_lab_magnesium_n,2,0.0002815446805134698,-3.3107736124095334e-05,155
4,XGB04,x_lab_phosphate_first,2,0.005113761053238988,-0.0007296918107792988,100
4,XGB04,x_lab_phosphate_last,2,0.005375483381155318,-0.002973388039567849,98
4,XGB04,x_lab_phosphate_min,2,0.0006956156800817645,-0.0004260891709343053,150
4,XGB04,x_lab_phosphate_max,2,0.005528884679700898,-0.0023489405775731736,97
4,XGB04,x_lab_phosphate_mean,2,0.001082082476546845,0.00013254117901298298,145
4,XGB04,x_lab_phosphate_n,2,0.00019998794077683688,-6.564528652717075e-06,156
4,XGB04,x_lab_hgb_first,2,0.0022401078454966634,0.00029141998081400066,128
4,XGB04,x_lab_hgb_last,2,0.0064645671377457576,0.0006002021417535242,86
4,XGB04,x_lab_hgb_min,2,0.004987877149576417,-0.001317519343940645,102
4,XGB04,x_lab_hgb_max,2,0.008427654473059052,0.001191788290789334,68
4,XGB04,x_lab_hgb_mean,2,0.004524667930193166,-0.0004632005588105289,106
4,XGB04,x_lab_hgb_n,2,0.004043758735443962,-0.0005573321548875416,111
4,XGB04,x_lab_hct_first,2,0.0013217663777859848,0.0001135213101135613,141
4,XGB04,x_lab_hct_last,2,0.005936658064343748,-0.0008693496806603351,90
4,XGB04,x_lab_hct_min,2,0.015322079484619488,-0.004531187062923709,45
4,XGB04,x_lab_hct_max,2,0.006240607137062832,0.0008214447770327208,87
4,XGB04,x_lab_hct_mean,2,0.004032711285962425,-0.0005682014045235829,112
4,XGB04,x_lab_hct_n,2,0.016128567499976997,-0.003801452507518191,43
4,XGB04,x_lab_platelets_first,2,0.008861316786472149,-0.001656803114295466,62
4,XGB04,x_lab_platelets_last,2,0.00363818048687574,-0.0010998276909617666,115
4,XGB04,x_lab_platelets_min,2,0.027906409827921377,-0.007347233342969385,28
4,XGB04,x_lab_platelets_max,2,0.00663687415989363,-0.0012208601047286366,85
4,XGB04,x_lab_platelets_mean,2,0.008525166988465852,-0.0023093635720338648,67
4,XGB04,x_lab_platelets_n,2,0.0012317465200836395,-0.0001742720515453581,142
4,XGB04,x_lab_wbc_first,2,0.006885878425022257,-0.0014160580143494504,80
4,XGB04,x_lab_wbc_last,2,0.011562105588999333,-0.0022902970315233136,55
4,XGB04,x_lab_wbc_min,2,0.008777718196512588,-0.0030853615505948926,64
4,XGB04,x_lab_wbc_max,2,0.01187626157471796,-0.0020024256389917353,53
4,XGB04,x_lab_wbc_mean,2,0.015026448473309077,-0.0029332154040258664,46
4,XGB04,x_lab_wbc_n,2,0.0024821549149505705,0.00020112493845108183,127
4,XGB04,x_lab_albumin_first,2,0.0006795957665694537,8.070035933931146e-05,151
4,XGB04,x_lab_albumin_last,2,0.002524758835663018,-0.0007977226667458266,126
4,XGB04,x_lab_albumin_min,2,0.0004948907860345221,5.125706220316266e-05,152
4,XGB04,x_lab_albumin_max,2,0.0012026459934146548,-0.0003590030882960933,143
4,XGB04,x_lab_albumin_mean,2,0.0016630568709965555,-0.00028753191445422105,135
4,XGB04,x_lab_albumin_n,2,0.0,0.0,157
4,XGB04,x_lab_bilirubin_total_first,2,0.001503649084588625,-0.0001901494185346591,136
4,XGB04,x_lab_bilirubin_total_last,2,0.007806517660055841,-0.003570544226075857,75
4,XGB04,x_lab_bilirubin_total_min,2,0.002527745842104061,-0.0009729917428682614,125
4,XGB04,x_lab_bilirubin_total_max,2,0.007096831687823776,-0.002810145505624488,79
4,XGB04,x_lab_bilirubin_total_mean,2,0.006099527234562742,-0.0024438915166960125,88
4,XGB04,x_lab_bilirubin_total_n,2,0.0,0.0,157
4,XGB04,x_lab_inr_first,2,0.010605225749739532,-0.0003521986929638224,57
4,XGB04,x_lab_inr_last,2,0.007648683667526969,-0.001451345615101868,78
4,XGB04,x_lab_inr_min,2,0.0050713969490861505,-0.0009426953123603596,101
4,XGB04,x_lab_inr_max,2,0.02417913442896624,-0.0006974664259619586,33
4,XGB04,x_lab_inr_mean,2,0.006699968753049593,-0.0005162024659850747,83
4,XGB04,x_lab_inr_n,2,0.03273831401884838,-0.005664936731903177,25
4,XGB04,x_lab_anion_gap_first,2,0.0011171484588776565,-8.506792024611773e-05,144
4,XGB04,x_lab_anion_gap_last,2,0.05181604130840272,-0.0022435976969706066,15
4,XGB04,x_lab_anion_gap_min,2,0.008138267503665109,-0.0012900613636329587,70
4,XGB04,x_lab_anion_gap_max,2,0.006682970243070886,-0.0013206345844564362,84
4,XGB04,x_lab_anion_gap_mean,2,0.012429818771589097,-0.0011294649330341386,52
4,XGB04,x_lab_anion_gap_n,2,0.003547319958502335,-0.00032167381645323073,117
4,XGB04,x_vital_heart_rate_first,2,0.005827196451431317,0.0009802283748995512,94
4,XGB04,x_vital_heart_rate_last,2,0.07291064130919808,-0.012546812829299855,8
4,XGB04,x_vital_heart_rate_min,2,0.012840125323081856,-0.0011812452471229367,49
4,XGB04,x_vital_heart_rate_max,2,0.004839506366532527,-0.0003687516880376382,103
4,XGB04,x_vital_heart_rate_mean,2,0.04006871339436039,-0.0066721742334943605,20
4,XGB04,x_vital_heart_rate_sd,2,0.044703795278371025,-0.007502079309399111,18
4,XGB04,x_vital_heart_rate_n,2,0.0030929402648016387,-0.00013662297575974588,120
4,XGB04,x_vital_sao2_first,2,0.0113922871958364,-0.0023246924764682435,56
4,XGB04,x_vital_sao2_last,2,0.017223286520083786,-0.0027261039959265987,40
4,XGB04,x_vital_sao2_min,2,0.005648890795429202,-0.0005551715911032119,96
4,XGB04,x_vital_sao2_max,2,0.0026173617761530554,-0.00037477378599642757,123
4,XGB04,x_vital_sao2_mean,2,0.05319290776764684,-0.004881291212423205,14
4,XGB04,x_vital_sao2_sd,2,0.08901172040278602,-0.016969437700002622,5
4,XGB04,x_vital_sao2_n,2,0.00321550056531529,0.0004507436257821252,119
4,XGB04,x_vital_respiratory_rate_first,2,0.004432951022918966,0.0004391425971261227,107
4,XGB04,x_vital_respiratory_rate_last,2,0.06017366616782228,-0.003543671072770833,9
4,XGB04,x_vital_respiratory_rate_min,2,0.051758568242309795,-0.004894386303045403,16
4,XGB04,x_vital_respiratory_rate_max,2,0.011753611607239627,0.0005366782175280616,54
4,XGB04,x_vital_respiratory_rate_mean,2,0.07590149867932522,-0.006552752215053294,6
4,XGB04,x_vital_respiratory_rate_sd,2,0.033764471764193865,-0.003099934105450923,24
4,XGB04,x_vital_respiratory_rate_n,2,0.005906402443637524,-0.0010288772880409367,91
4,XGB04,x_vital_noninvasive_systolic_bp_first,2,0.01619193083650274,0.004551404653532169,42
4,XGB04,x_vital_noninvasive_systolic_bp_last,2,0.03881024420809657,-0.011428689354640179,21
4,XGB04,x_vital_noninvasive_systolic_bp_min,2,0.05173782212909968,-0.012965374300178184,17
4,XGB04,x_vital_noninvasive_systolic_bp_max,2,0.02641090940515717,-0.0021674956591506487,31
4,XGB04,x_vital_noninvasive_systolic_bp_mean,2,0.012432061780642342,-0.005233317988328442,51
4,XGB04,x_vital_noninvasive_systolic_bp_sd,2,0.0535564602015156,-0.010320054628845207,13
4,XGB04,x_vital_noninvasive_systolic_bp_n,2,0.007650577474414903,-0.001995887404259137,77
4,XGB04,x_vital_noninvasive_diastolic_bp_first,2,0.017334458963628334,0.0018912294992599482,39
4,XGB04,x_vital_noninvasive_diastolic_bp_last,2,0.010319950649538714,-0.0005770942603201841,58
4,XGB04,x_vital_noninvasive_diastolic_bp_min,2,0.0058411821636626515,-0.0019189655704307529,93
4,XGB04,x_vital_noninvasive_diastolic_bp_max,2,0.003751489366321146,0.00044093141997861963,114
4,XGB04,x_vital_noninvasive_diastolic_bp_mean,2,0.010276909384804656,0.001764166813830391,59
4,XGB04,x_vital_noninvasive_diastolic_bp_sd,2,0.015325540624722389,-0.00013380706691229106,44
4,XGB04,x_vital_noninvasive_diastolic_bp_n,2,0.0067262404633195135,-0.0020750974546730346,81
4,XGB04,x_vital_noninvasive_mean_bp_first,2,0.03671025537784101,0.0018437777182677367,23
4,XGB04,x_vital_noninvasive_mean_bp_last,2,0.004542630936680278,-0.0009712204784440801,105
4,XGB04,x_vital_noninvasive_mean_bp_min,2,0.00842256994786658,-0.002261552257728687,69
4,XGB04,x_vital_noninvasive_mean_bp_max,2,0.005876977925597952,-0.0007224828703317761,92
4,XGB04,x_vital_noninvasive_mean_bp_mean,2,0.006718355843270608,-0.0027815727525026777,82
4,XGB04,x_vital_noninvasive_mean_bp_sd,2,0.008682745920122378,-0.0024640162253385836,66
4,XGB04,x_vital_noninvasive_mean_bp_n,2,0.017565283935233038,-0.003748727916714754,38
5,XGB06,x_age_years,1,0.015863728114663307,-0.0020590597116264178,39
5,XGB06,x_sex,3,0.006703482886745023,-0.00033799554125041423,72
5,XGB06,x_bmi,2,0.06029243737691099,-0.005495037240066632,12
5,XGB06,x_unit_type,8,0.02970566854350378,0.0004985694696218651,24
5,XGB06,x_unit_admit_source,16,0.09357375487038389,0.0022815872654617566,4
5,XGB06,x_reference_creatinine,1,0.5084415053335921,-0.28807523530668694,1
5,XGB06,x_stage1_at_landmark,1,0.2970007820708918,-0.11594865231186376,3
5,XGB06,x_lab_creatinine_first,2,0.03305141921291635,-0.00477411219598054,19
5,XGB06,x_lab_creatinine_last,2,0.31194385393879165,-0.20266204187892278,2
5,XGB06,x_lab_creatinine_min,2,0.016604491978938367,-0.010088377905379683,38
5,XGB06,x_lab_creatinine_max,2,0.021809316928919704,-0.012455260415562512,31
5,XGB06,x_lab_creatinine_mean,2,0.013839052785062261,-0.010871208308865694,45
5,XGB06,x_lab_creatinine_n,2,0.0017102324020076664,-1.277484874965602e-06,133
5,XGB06,x_lab_bun_first,2,0.0729014097514465,0.039220725585258034,8
5,XGB06,x_lab_bun_last,2,0.015198557450276295,0.010713848209075026,40
5,XGB06,x_lab_bun_min,2,0.06042063601115606,0.0417642027626836,11
5,XGB06,x_lab_bun_max,2,0.00654448987218428,0.0037305305338152586,73
5,XGB06,x_lab_bun_mean,2,0.0134188788066566,0.00776783813920008,47
5,XGB06,x_lab_bun_n,2,0.0005612690323049819,0.00010406577988235143,150
5,XGB06,x_lab_bicarbonate_first,2,0.005173619078545773,-0.001596327528929941,84
5,XGB06,x_lab_bicarbonate_last,2,0.013413334169783696,-0.005707103678576273,48
5,XGB06,x_lab_bicarbonate_min,2,0.004138127529378279,-0.00032470026988381574,93
5,XGB06,x_lab_bicarbonate_max,2,0.0036923486499222595,-0.0017441135178885268,101
5,XGB06,x_lab_bicarbonate_mean,2,0.008510749658643046,-0.003929189452212856,64
5,XGB06,x_lab_bicarbonate_n,2,0.0018403854310080428,0.0002579377680381618,131
5,XGB06,x_lab_potassium_first,2,0.002111118499351723,1.417283885074515e-05,122
5,XGB06,x_lab_potassium_last,2,0.00344320237777155,-0.0010189025077157196,104
5,XGB06,x_lab_potassium_min,2,0.0023332612365214913,-6.240196349106848e-05,115
5,XGB06,x_lab_potassium_max,2,0.00038927415213613534,5.263606798682607e-06,152
5,XGB06,x_lab_potassium_mean,2,0.0011991091642555125,-0.000254345800519321,141
5,XGB06,x_lab_potassium_n,2,0.00024573067834568815,-8.247798118125933e-05,154
5,XGB06,x_lab_potassium_delta,2,0.027245301677078282,0.002556280640539407,25
5,XGB06,x_lab_sodium_first,2,0.004438821428998004,0.0003424301285797485,90
5,XGB06,x_lab_sodium_last,2,0.0019887498783963636,-0.0005407234146644987,126
5,XGB06,x_lab_sodium_min,2,0.002248104729639127,0.0002507088996880232,118
5,XGB06,x_lab_sodium_max,2,0.0023106224497487725,-0.0005379426399932931,117
5,XGB06,x_lab_sodium_mean,2,0.0020899686562710104,4.666460011120688e-05,124
5,XGB06,x_lab_sodium_n,2,0.0,0.0,157
5,XGB06,x_lab_sodium_delta,2,0.002219314195158301,-6.318744276102237e-05,119
5,XGB06,x_lab_chloride_first,2,0.0005761844376288496,7.330872188134994e-05,149
5,XGB06,x_lab_chloride_last,2,0.005032230988112304,-0.0006388436317079741,87
5,XGB06,x_lab_chloride_min,2,0.005054444711825775,-0.001467435073710158,86
5,XGB06,x_lab_chloride_max,2,0.002346410193163253,-0.00042498112380797776,114
5,XGB06,x_lab_chloride_mean,2,0.00921738734164333,-0.0018225411495359897,62
5,XGB06,x_lab_chloride_n,2,0.002541727893490983,0.00015448154270834456,113
5,XGB06,x_lab_glucose_serum_first,2,0.040347522022993854,-0.003973123161709459,13
5,XGB06,x_lab_glucose_serum_last,2,0.0013791334889841846,-0.00013719758262866654,137
5,XGB06,x_lab_glucose_serum_min,2,0.02066481679929016,-0.0025822285284930126,33
5,XGB06,x_lab_glucose_serum_max,2,0.013176260440781655,-0.0018471494823206914,50
5,XGB06,x_lab_glucose_serum_mean,2,0.008118320304044557,-0.0011420718441688526,65
5,XGB06,x_lab_glucose_serum_n,2,0.0,0.0,157
5,XGB06,x_lab_calcium_first,2,0.0021570096685288795,-0.00044476843200925525,121
5,XGB06,x_lab_calcium_last,2,0.022566016917310815,-0.008858741326369962,29
5,XGB06,x_lab_calcium_min,2,0.004583297413871414,-0.0012049362693148317,89
5,XGB06,x_lab_calcium_max,2,0.005783241648095063,-0.000884680384256386,80
5,XGB06,x_lab_calcium_mean,2,0.006478942400649116,-0.0010805018627184284,75
5,XGB06,x_lab_calcium_n,2,0.002037258305285119,3.084215570569821e-05,125
5,XGB06,x_lab_magnesium_first,2,0.014140247432483601,-0.0007924787996017871,44
5,XGB06,x_lab_magnesium_last,2,0.002324228930256775,-0.0004558005527919197,116
5,XGB06,x_lab_magnesium_min,2,0.023486420568116208,-0.0003412652271377429,27
5,XGB06,x_lab_magnesium_max,2,0.002213598185620709,3.275779309815726e-05,120
5,XGB06,x_lab_magnesium_mean,2,0.009765022231207824,0.0007101747023082504,61
5,XGB06,x_lab_magnesium_n,2,0.00014965374467713536,-2.86148601791702e-05,156
5,XGB06,x_lab_phosphate_first,2,0.0012436432966054236,9.213082991572614e-05,139
5,XGB06,x_lab_phosphate_last,2,0.001637533033206165,-0.0003941188307036909,135
5,XGB06,x_lab_phosphate_min,2,0.00034507875041876713,-0.00010148380229693405,153
5,XGB06,x_lab_phosphate_max,2,0.003389046531780512,-0.0015912120125181298,105
5,XGB06,x_lab_phosphate_mean,2,0.0006584164671192132,-0.0001958714573803107,147
5,XGB06,x_lab_phosphate_n,2,0.0,0.0,157
5,XGB06,x_lab_hgb_first,2,0.0018863814666766937,-0.00033719524798446677,128
5,XGB06,x_lab_hgb_last,2,0.0030813662834529433,-0.0003165339580895995,109
5,XGB06,x_lab_hgb_min,2,0.0018057831686123034,-0.0005689244194913664,132
5,XGB06,x_lab_hgb_max,2,0.006197204335187325,0.001143659318086408,76
5,XGB06,x_lab_hgb_mean,2,0.013301802149704016,-0.003109159534506781,49
5,XGB06,x_lab_hgb_n,2,0.002110283671568455,-0.0004908407251961941,123
5,XGB06,x_lab_hct_first,2,0.001852974007400018,0.00031365780956806125,130
5,XGB06,x_lab_hct_last,2,0.003059087212330071,-0.00043429480167291306,110
5,XGB06,x_lab_hct_min,2,0.008106935628580053,-0.002857907098443842,66
5,XGB06,x_lab_hct_max,2,0.007896899494964967,0.0022409012476491824,68
5,XGB06,x_lab_hct_mean,2,0.005350235330286232,-0.0014027446666891247,83
5,XGB06,x_lab_hct_n,2,0.003811391931937829,-0.001006884917015076,98
5,XGB06,x_lab_platelets_first,2,0.0038217796182040387,-0.0003892420935920808,97
5,XGB06,x_lab_platelets_last,2,0.007966306617905393,-0.0007731633372480543,67
5,XGB06,x_lab_platelets_min,2,0.0376786879334353,-0.004243537408600289,15
5,XGB06,x_lab_platelets_max,2,0.00394008074201125,-4.811676809080802e-05,96
5,XGB06,x_lab_platelets_mean,2,0.004229195120661481,-0.00020900316790620666,92
5,XGB06,x_lab_platelets_n,2,0.0011296696420275342,-0.00027308696409904275,143
5,XGB06,x_lab_wbc_first,2,0.017607549239840023,-0.001401815243343009,36
5,XGB06,x_lab_wbc_last,2,0.007067654639668894,-0.0015163654158649386,70
5,XGB06,x_lab_wbc_min,2,0.010354963789352719,-0.0020060658635609936,58
5,XGB06,x_lab_wbc_max,2,0.01474634875325209,-0.001565294213477034,41
5,XGB06,x_lab_wbc_mean,2,0.0059202175279247015,-0.0007739760990177817,78
5,XGB06,x_lab_wbc_n,2,0.0001720350377078166,-3.940578802501603e-05,155
5,XGB06,x_lab_albumin_first,2,0.0006677834242734913,-8.591305739492277e-05,146
5,XGB06,x_lab_albumin_last,2,0.0015316295145914346,-0.0003615321661353255,136
5,XGB06,x_lab_albumin_min,2,0.005146982396420503,-0.0007963499701038764,85
5,XGB06,x_lab_albumin_max,2,0.0011955469915384531,-0.00020091154610495457,142
5,XGB06,x_lab_albumin_mean,2,0.001881739965030073,-0.00018089856216986874,129
5,XGB06,x_lab_albumin_n,2,0.00040337813962432623,0.00021704630912008265,151
5,XGB06,x_lab_bilirubin_total_first,2,0.001206880715506786,-0.0002758440631319261,140
5,XGB06,x_lab_bilirubin_total_last,2,0.0034532679373202434,-0.0009109583035196428,103
5,XGB06,x_lab_bilirubin_total_min,2,0.0037937314951919194,-0.0006631451922335553,99
5,XGB06,x_lab_bilirubin_total_max,2,0.014651258828939421,-0.0031426740660489205,42
5,XGB06,x_lab_bilirubin_total_mean,2,0.0035860445251497115,-0.0008829171700138361,102
5,XGB06,x_lab_bilirubin_total_n,2,0.0008444598757683125,-0.0002545711944801853,144
5,XGB06,x_lab_inr_first,2,0.012414245522301293,-0.001324511080760294,52
5,XGB06,x_lab_inr_last,2,0.0130350170437185,-0.0029696086070006115,51
5,XGB06,x_lab_inr_min,2,0.0048310646697962345,-0.0011493362459908051,88
5,XGB06,x_lab_inr_max,2,0.02027888993955661,-0.004031293881216586,34
5,XGB06,x_lab_inr_mean,2,0.02139574165081686,-0.00360906659006566,32
5,XGB06,x_lab_inr_n,2,0.02184231251237237,-0.002699262086776309,30
5,XGB06,x_lab_anion_gap_first,2,0.001646201525450376,-0.00036167377177828485,134
5,XGB06,x_lab_anion_gap_last,2,0.06611720097251356,-0.02852298198451783,10
5,XGB06,x_lab_anion_gap_min,2,0.013690929436154194,-0.00635606824894759,46
5,XGB06,x_lab_anion_gap_max,2,0.005980820109905301,-0.0028985250684364773,77
5,XGB06,x_lab_anion_gap_mean,2,0.010972340997044605,-0.005534765806279409,55
5,XGB06,x_lab_anion_gap_n,2,0.0008361866712295646,9.126564913904144e-05,145
5,XGB06,x_vital_heart_rate_first,2,0.0039841039013516835,0.0014843085159679406,95
5,XGB06,x_vital_heart_rate_last,2,0.0719529474660151,-0.019047232981921396,9
5,XGB06,x_vital_heart_rate_min,2,0.002807504971039437,-0.0005303326062377523,112
5,XGB06,x_vital_heart_rate_max,2,0.016671215431690006,-0.0023175541308674994,37
5,XGB06,x_vital_heart_rate_mean,2,0.019751881008670515,-0.004875923161067291,35
5,XGB06,x_vital_heart_rate_sd,2,0.031509689327189526,-0.004457546484420106,21
5,XGB06,x_vital_heart_rate_n,2,0.0028524070348455066,-0.00030437550324470135,111
5,XGB06,x_vital_sao2_first,2,0.011371020542252499,-0.0017621742592630121,54
5,XGB06,x_vital_sao2_last,2,0.01056011232890077,-0.0016538434975681214,57
5,XGB06,x_vital_sao2_min,2,0.005693860459529036,-0.0005934819062414428,81
5,XGB06,x_vital_sao2_max,2,0.0006206158999551,6.688848292772171e-05,148
5,XGB06,x_vital_sao2_mean,2,0.03398868862305384,-0.006661724505258654,17
5,XGB06,x_vital_sao2_sd,2,0.09197813746727508,-0.01609748054457092,5
5,XGB06,x_vital_sao2_n,2,0.001260017138098132,0.00018717422933724954,138
5,XGB06,x_vital_respiratory_rate_first,2,0.005534245125277885,-0.0003120580260726769,82
5,XGB06,x_vital_respiratory_rate_last,2,0.03342504707582855,-0.007808945851843247,18
5,XGB06,x_vital_respiratory_rate_min,2,0.03185521191136327,-0.0042782356535700445,20
5,XGB06,x_vital_respiratory_rate_max,2,0.003718640750628567,0.0002253948276183851,100
5,XGB06,x_vital_respiratory_rate_mean,2,0.08059902353177964,-0.017108517788334308,6
5,XGB06,x_vital_respiratory_rate_sd,2,0.022947447596950325,-0.002460429511951181,28
5,XGB06,x_vital_respiratory_rate_n,2,0.006716920245262304,-0.00022310130325914294,71
5,XGB06,x_vital_noninvasive_systolic_bp_first,2,0.009947237052734209,0.0006014059973357446,60
5,XGB06,x_vital_noninvasive_systolic_bp_last,2,0.07349332625427132,-0.007546117626016874,7
5,XGB06,x_vital_noninvasive_systolic_bp_min,2,0.026989866044825048,-0.000967089130159698,26
5,XGB06,x_vital_noninvasive_systolic_bp_max,2,0.014631296196640817,-0.0034430870382867102,43
5,XGB06,x_vital_noninvasive_systolic_bp_mean,2,0.004349819624827006,-0.0008320502753800047,91
5,XGB06,x_vital_noninvasive_systolic_bp_sd,2,0.038126922087073786,-0.008466242141394834,14
5,XGB06,x_vital_noninvasive_systolic_bp_n,2,0.010917592890238068,-0.0010454688959880905,56
5,XGB06,x_vital_noninvasive_diastolic_bp_first,2,0.03415801619771245,0.0028396415680749768,16
5,XGB06,x_vital_noninvasive_diastolic_bp_last,2,0.0019558845847413536,-0.00037674562261532697,127
5,XGB06,x_vital_noninvasive_diastolic_bp_min,2,0.003230381544151879,0.0004162125446418567,107
5,XGB06,x_vital_noninvasive_diastolic_bp_max,2,0.0031835044451460964,8.766805238725043e-06,108
5,XGB06,x_vital_noninvasive_diastolic_bp_mean,2,0.007534461123908091,-0.00016976979853201832,69
5,XGB06,x_vital_noninvasive_diastolic_bp_sd,2,0.009976358916295188,0.0013991519869738364,59
5,XGB06,x_vital_noninvasive_diastolic_bp_n,2,0.003333865872180724,-0.0007854167920877376,106
5,XGB06,x_vital_noninvasive_mean_bp_first,2,0.01185188779786097,0.0004006505764505584,53
5,XGB06,x_vital_noninvasive_mean_bp_last,2,0.005823296926488167,-0.00091233762437381,79
5,XGB06,x_vital_noninvasive_mean_bp_min,2,0.00853602894332191,-0.0010604124428058221,63
5,XGB06,x_vital_noninvasive_mean_bp_max,2,0.006506460116058352,-0.000884314070168631,74
5,XGB06,x_vital_noninvasive_mean_bp_mean,2,0.004044694356818742,-0.00018942307156611518,94
5,XGB06,x_vital_noninvasive_mean_bp_sd,2,0.03132375768313215,-0.00105787071586586,22
5,XGB06,x_vital_noninvasive_mean_bp_n,2,0.03058752682785124,-0.008309596451834794,23
